weight,A,C,D,E,F,G,H,I,K,L,M,N,P,Q,R,S,T,V,W,Y,seq
193.02250742912292,-6.7035675048828125,-65.49854278564453,16.86248779296875,0.3025054931640625,-35.59131622314453,20.43628692626953,-10.051536560058594,-43.23749542236328,-6.49871826171875,-21.355438232421875,-50.833702087402344,1.836395263671875,0.042724609375,0.0,10.179710388183594,1.5928268432617188,2.8745651245117188,-8.974266052246094,-20.17841339111328,-18.361282348632812,Q
193.02250742912292,20.58734893798828,-7.8723907470703125,22.996139526367188,10.457229614257812,-8.28094482421875,23.99616241455078,3.8434982299804688,-9.559822082519531,-6.4273834228515625,0.0,-14.127540588378906,-0.1026153564453125,33.69464874267578,8.07342529296875,29.44202423095703,20.73955535888672,12.681961059570312,18.822669982910156,3.5394668579101562,-1.3071060180664062,L
193.02250742912292,16.626739501953125,-79.82463836669922,0.6784439086914062,-3.1518936157226562,-54.38098907470703,0.0,-18.664169311523438,-49.98970031738281,1.5466690063476562,-24.321937561035156,-26.303482055664062,10.834884643554688,18.243980407714844,5.8013916015625,5.957603454589844,-1.2529373168945312,0.22449493408203125,-17.500686645507812,-18.54248046875,-23.806190490722656,G
193.02250742912292,0.0,3.574371337890625,49.278831481933594,44.87018585205078,5.962562561035156,29.075050354003906,15.9912109375,-8.282279968261719,13.427352905273438,28.79772186279297,21.530723571777344,16.70055389404297,46.759605407714844,15.483856201171875,24.328994750976562,4.615211486816406,30.803489685058594,44.86408233642578,37.07256317138672,18.894195556640625,A
193.02250742912292,52.41241455078125,-13.057518005371094,55.12428283691406,31.203651428222656,-12.622642517089844,30.455589294433594,27.972412109375,0.0,27.764511108398438,-15.638351440429688,19.378662109375,29.58240509033203,51.64356231689453,8.534812927246094,38.17768096923828,19.635581970214844,16.801071166992188,28.167152404785156,28.18279266357422,15.07720947265625,I
193.02250742912292,-22.145843505859375,-84.45873260498047,22.274017333984375,0.0,-19.54364776611328,2.0236968994140625,-26.037025451660156,-25.691604614257812,5.448722839355469,-49.587249755859375,-21.060562133789062,-11.658096313476562,4.1591644287109375,-30.006980895996094,11.466026306152344,-32.97100067138672,-22.60265350341797,-8.205795288085938,-4.471588134765625,-22.420310974121094,E
193.02250742912292,-12.823295593261719,-77.35958099365234,15.185546875,18.98326873779297,-39.77012634277344,12.072181701660156,3.0941009521484375,-50.92506408691406,13.619422912597656,-30.93090057373047,-19.588279724121094,0.0,13.855171203613281,11.447906494140625,36.08722686767578,-0.05016326904296875,-1.0507583618164062,-30.829620361328125,-6.667327880859375,-15.813446044921875,N
193.02250742912292,4.898262023925781,-74.87773895263672,21.602249145507812,34.4024658203125,-13.027763366699219,0.0,-1.8190383911132812,-3.061676025390625,50.19702911376953,-22.350311279296875,-2.0496368408203125,-16.47796630859375,48.84376525878906,18.66321563720703,50.03623962402344,-11.593246459960938,-14.385223388671875,27.333831787109375,41.899681091308594,11.762619018554688,G
50.12639611959456,-19.779396057128906,-72.94387817382812,37.951087951660156,17.95024871826172,6.359291076660156,0.13885498046875,11.233329772949219,-5.815315246582031,-2.5537490844726562,0.0,-14.442062377929688,5.1158905029296875,49.277687072753906,14.511299133300781,52.71797180175781,-1.2872695922851562,9.5733642578125,12.769317626953125,46.37565612792969,29.315757751464844,L
50.12639611959456,-26.03893280029297,-84.15584564208984,36.649131774902344,0.0,-26.244163513183594,20.369911193847656,4.9617767333984375,-28.14464569091797,24.85332489013672,-10.473251342773438,-38.295555114746094,5.768775939941406,1.46942138671875,-16.794586181640625,14.363288879394531,-6.362724304199219,-3.9676666259765625,-11.815071105957031,-11.044692993164062,-1.8512725830078125,E
50.12639611959456,10.444068908691406,-49.352455139160156,29.352378845214844,3.8568496704101562,-7.746696472167969,27.574539184570312,18.732643127441406,6.014823913574219,29.77142333984375,18.62010955810547,-18.584442138671875,-5.837821960449219,66.78447723388672,12.628936767578125,39.46075439453125,0.0,7.1102142333984375,-7.17926025390625,3.23028564453125,-8.823585510253906,S
50.12639611959456,-45.45936584472656,-78.9083480834961,2.5014877319335938,-17.626190185546875,-30.313682556152344,0.0,-38.222312927246094,-42.42725372314453,-21.236038208007812,-60.03837585449219,-52.71186828613281,-35.167503356933594,-13.0859375,-42.616844177246094,-19.77062225341797,-32.44457244873047,-8.489418029785156,-51.44309997558594,-19.88983154296875,-39.841651916503906,G
50.12639611959456,-11.161422729492188,-56.928253173828125,17.464065551757812,-1.0496139526367188,-39.785003662109375,5.955696105957031,1.6283035278320312,-25.70323944091797,22.436904907226562,-21.792221069335938,-24.381065368652344,-2.8013229370117188,-0.737762451171875,-1.7192840576171875,9.26361083984375,0.0,-15.398597717285156,-10.372734069824219,2.5068283081054688,-20.255088806152344,S
50.12639611959456,0.0,-22.136688232421875,17.689132690429688,20.637130737304688,-17.859649658203125,8.473014831542969,2.3981094360351562,-5.484199523925781,15.912246704101562,9.690475463867188,-5.537223815917969,-2.9386520385742188,6.288909912109375,2.252960205078125,20.534133911132812,-8.517646789550781,-7.157135009765625,-4.478263854980469,13.182258605957031,-3.3521652221679688,A
50.12639611959456,6.8645477294921875,-1.8312454223632812,39.693641662597656,28.66649627685547,15.993690490722656,11.570930480957031,4.3975830078125,-1.0711669921875,14.478683471679688,3.3109664916992188,-8.905792236328125,0.0,46.29173278808594,3.2648086547851562,6.349754333496094,-13.743400573730469,8.601188659667969,12.914657592773438,17.919921875,11.770248413085938,N
50.12639611959456,0.0,-16.354751586914062,15.907859802246094,3.4235000610351562,-12.141609191894531,-4.043006896972656,24.097251892089844,-11.153221130371094,14.201545715332031,-13.901138305664062,-1.6834259033203125,-6.365394592285156,-4.443550109863281,2.9178619384765625,51.279640197753906,6.745719909667969,-0.8493423461914062,6.443977355957031,10.491371154785156,11.338233947753906,A
31.58060610294342,-71.63810729980469,0.0,-41.949462890625,-30.91259002685547,-68.26763153076172,-68.66626739501953,-16.2841796875,-52.111053466796875,-13.90380859375,-56.621360778808594,-26.825714111328125,-40.501976013183594,-54.56275939941406,-68.73283386230469,-21.54254913330078,-73.16875457763672,-69.59037780761719,-48.08807373046875,-14.027786254882812,-21.469688415527344,C
31.58060610294342,-5.433464050292969,-62.30602264404297,16.37859344482422,-12.242317199707031,-53.30238342285156,5.124855041503906,-11.690330505371094,-57.50846862792969,-1.1571884155273438,-42.03224182128906,-21.848297119140625,-8.286285400390625,0.0,-8.869171142578125,-1.0976791381835938,-20.584487915039062,-15.283966064453125,-37.20245361328125,-20.333290100097656,-23.677635192871094,P
31.58060610294342,5.240631103515625,-46.37260437011719,0.0,-19.226837158203125,-53.371620178222656,-20.096778869628906,-20.20435333251953,-41.188621520996094,19.045448303222656,-23.2666015625,-19.06280517578125,-7.25555419921875,-40.82622528076172,-9.348869323730469,3.5419464111328125,-10.032844543457031,-22.048187255859375,-31.691741943359375,-19.001007080078125,-36.910438537597656,D
31.58060610294342,0.0,-32.622718811035156,53.41835021972656,30.748939514160156,-41.28265380859375,14.336204528808594,0.06504058837890625,-9.359931945800781,2.7330398559570312,-22.426986694335938,6.595802307128906,7.110404968261719,-12.891006469726562,17.57183074951172,4.7695159912109375,-12.2802734375,-11.584281921386719,-2.6460647583007812,6.293678283691406,-18.31512451171875,A
31.58060610294342,1.5415191650390625,2.8326034545898438,1.72576904296875,2.4263381958007812,-20.381546020507812,12.324714660644531,-30.203628540039062,0.0,49.06444549560547,27.07843780517578,41.069793701171875,6.605720520019531,21.512794494628906,29.016494750976562,43.51043701171875,2.3393630981445312,30.07030487060547,6.14013671875,35.013771057128906,-4.103660583496094,I
31.58060610294342,-13.430976867675781,-75.53634643554688,4.965019226074219,13.323593139648438,-21.11377716064453,-14.3096923828125,-35.097503662109375,-36.566162109375,-20.39051055908203,0.0,10.097503662109375,-34.931182861328125,-19.804954528808594,-27.06298828125,-12.316322326660156,-38.718414306640625,-70.14179229736328,-20.30925750732422,-6.06689453125,-11.7218017578125,L
31.58060610294342,-14.340019226074219,-47.182655334472656,27.57854461669922,50.678062438964844,-7.427024841308594,16.144752502441406,38.23089599609375,0.0,40.807342529296875,-9.822273254394531,9.795951843261719,29.9896240234375,14.65606689453125,25.194168090820312,47.66426086425781,2.8469085693359375,16.63799285888672,12.226295471191406,31.14490509033203,15.106010437011719,I
31.58060610294342,-12.546348571777344,-47.820281982421875,-44.542884826660156,-27.6092529296875,0.0,-13.450050354003906,-3.7652969360351562,6.407356262207031,-12.755584716796875,34.175682067871094,18.30921173095703,-28.431320190429688,-0.74005126953125,-6.944847106933594,-0.7646560668945312,-34.56153869628906,-9.097862243652344,9.005546569824219,21.459197998046875,18.293190002441406,F
20.4642981290817,0.0,-61.882781982421875,-63.92631530761719,-51.21326446533203,-33.39862823486328,-32.155418395996094,-43.17646026611328,-18.49689483642578,-44.129371643066406,-4.170799255371094,-12.279129028320312,-51.917457580566406,-57.25116729736328,-56.5704345703125,-37.41607666015625,-31.518173217773438,-27.974700927734375,-3.1414031982421875,-42.812347412109375,-36.38191223144531,A
20.4642981290817,42.771339416503906,-1.0036468505859375,1.0328292846679688,22.05333709716797,-8.162498474121094,31.12010955810547,52.46448516845703,5.3180694580078125,15.673065185546875,8.33740234375,31.914901733398438,24.839019775390625,38.434791564941406,35.58025360107422,0.0,16.11175537109375,8.379364013671875,3.730010986328125,20.923805236816406,20.014190673828125,R
20.4642981290817,-28.37066650390625,-43.306922912597656,-46.19121551513672,-24.42035675048828,-35.0616455078125,0.0,6.162834167480469,-53.89442443847656,-26.058578491210938,-42.31739044189453,-30.383682250976562,-55.268287658691406,-49.05548095703125,-29.104042053222656,-26.220130920410156,-22.52674102783203,-75.8493423461914,-36.41014099121094,-3.1923294067382812,-19.109535217285156,G
20.4642981290817,36.31401062011719,0.4833221435546875,29.47254180908203,31.682777404785156,38.285255432128906,30.826187133789062,29.15325164794922,46.395301818847656,39.359283447265625,53.549957275390625,39.43309783935547,25.71239471435547,19.084930419921875,37.604713439941406,49.64466094970703,0.0,2.510833740234375,31.3995361328125,40.50426483154297,53.554534912109375,S
20.4642981290817,1.5024185180664062,-84.46407318115234,19.202041625976562,8.645248413085938,-18.314170837402344,20.30181884765625,4.848289489746094,-4.448127746582031,14.33868408203125,-14.307975769042969,-24.69024658203125,3.6413192749023438,-13.664436340332031,-0.9458541870117188,20.34759521484375,-2.7273178100585938,0.0,-2.9895782470703125,-24.447250366210938,-15.9393310546875,T
20.4642981290817,3.9033889770507812,-48.81324768066406,9.626007080078125,0.0,-56.10370635986328,8.246803283691406,-8.1634521484375,-24.288368225097656,22.34172821044922,-18.045425415039062,-21.018600463867188,-5.4035186767578125,-2.8047561645507812,-6.542778015136719,30.627822875976562,-12.928009033203125,-7.093238830566406,-9.580230712890625,-19.862937927246094,-40.66734313964844,E
20.4642981290817,-18.400192260742188,-59.86518859863281,-17.3583984375,-17.520523071289062,-28.50513458251953,-9.679412841796875,-18.82476806640625,-27.80895233154297,-4.585456848144531,-28.99341583251953,-29.50592041015625,-32.99980163574219,0.0,-25.242996215820312,16.517257690429688,-20.69263458251953,-20.88642120361328,-20.749664306640625,-12.489128112792969,-24.394798278808594,P
20.4642981290817,-15.75164794921875,-44.918251037597656,-1.8262863159179688,-18.65863800048828,-46.370697021484375,0.0,-16.796302795410156,-23.508262634277344,7.427978515625,-27.92205810546875,-30.898094177246094,-20.571327209472656,-9.837532043457031,-27.882957458496094,24.772262573242188,-16.246986389160156,-15.241622924804688,-15.657234191894531,-27.53009796142578,-54.920196533203125,G
4.36721853911874,20.668411254882812,-28.01380157470703,41.15428924560547,37.21656799316406,18.36090087890625,23.242950439453125,48.60858917236328,6.1870574951171875,59.07115936279297,16.270828247070312,12.688827514648438,0.0,42.13733673095703,31.41155242919922,76.1138916015625,22.377967834472656,24.090194702148438,18.66436004638672,41.552734375,18.297767639160156,N
4.36721853911874,19.675445556640625,-18.54991912841797,27.87609100341797,9.573554992675781,-0.6254196166992188,22.267532348632812,10.355186462402344,-12.904548645019531,15.634727478027344,1.5668869018554688,0.0,-0.7816314697265625,35.19744873046875,-0.7192611694335938,31.608009338378906,-1.4575958251953125,4.775428771972656,4.7756195068359375,34.447669982910156,4.6443939208984375,M
4.36721853911874,-2.1970748901367188,-29.776573181152344,6.0802459716796875,-11.316108703613281,23.00090789794922,0.0,21.689987182617188,2.7051925659179688,2.3138046264648438,18.60637664794922,11.038398742675781,-16.68834686279297,4.644203186035156,-7.061958312988281,26.403045654296875,-8.089637756347656,-20.186805725097656,9.929656982421875,33.396148681640625,19.41356658935547,G
4.36721853911874,-1.56097412109375,-58.06560516357422,2.3386001586914062,10.094070434570312,-0.412750244140625,-6.4083099365234375,11.99493408203125,0.0,44.69757080078125,19.641685485839844,6.801414489746094,-3.3298492431640625,0.02918243408203125,-4.515266418457031,54.785919189453125,-21.395111083984375,-3.4669876098632812,8.148002624511719,8.077621459960938,-0.778961181640625,I
4.36721853911874,8.538055419921875,-55.43670654296875,31.229782104492188,15.337753295898438,15.081977844238281,4.438018798828125,17.090797424316406,-1.6992568969726562,28.148651123046875,25.03643035888672,13.749313354492188,11.288833618164062,25.335311889648438,9.989547729492188,37.659263610839844,-5.884361267089844,0.0,8.703041076660156,46.092796325683594,13.820838928222656,T
4.36721853911874,-23.830795288085938,-105.75408935546875,-34.45892333984375,-50.44841766357422,-21.329689025878906,-56.31847381591797,-32.72418975830078,-5.326271057128906,-57.910728454589844,18.037033081054688,-8.953666687011719,-60.710906982421875,-57.59162902832031,-43.61133575439453,-70.86868286132812,-103.44619750976562,-42.993927001953125,0.0,-3.5808563232421875,-30.208206176757812,V
4.36721853911874,23.253822326660156,-37.534523010253906,-3.3260345458984375,-6.7874908447265625,41.81098937988281,0.0,17.518234252929688,42.40150451660156,-3.0149459838867188,59.69047546386719,46.462440490722656,11.654853820800781,9.27581787109375,-7.6992034912109375,5.078315734863281,3.9386749267578125,14.707374572753906,28.345108032226562,41.09172821044922,42.53387451171875,G
4.36721853911874,62.883758544921875,20.705223083496094,82.62825012207031,68.11161041259766,47.53532409667969,41.71562194824219,48.645973205566406,61.73725128173828,26.75018310546875,40.02113342285156,61.93275451660156,68.4347152709961,0.0,71.99535369873047,107.11822509765625,48.0804443359375,10.904693603515625,30.072975158691406,70.0998306274414,52.48126983642578,P
16.10523685812948,0.0,-92.47283935546875,22.304344177246094,37.15667724609375,-23.31104278564453,17.107009887695312,-6.248283386230469,4.9381256103515625,-22.803688049316406,53.635215759277344,10.002326965332031,-59.40055847167969,-30.713844299316406,-91.88461303710938,29.6478271484375,28.096580505371094,-97.41840362548828,21.085357666015625,35.81523895263672,-14.183998107910156,A
16.10523685812948,71.22077941894531,-32.190704345703125,-22.69420623779297,18.394088745117188,-11.119270324707031,-50.76713562011719,-9.524726867675781,47.191619873046875,39.996910095214844,0.0,76.86729431152344,-36.614036560058594,16.559219360351562,-18.984222412109375,29.66747283935547,-23.455810546875,5.089759826660156,71.3327407836914,26.75037384033203,-27.278709411621094,L
16.10523685812948,0.0,-47.418212890625,-119.41967010498047,-125.04158020019531,-73.41938018798828,-89.5517349243164,-99.14836883544922,-70.75672149658203,-14.176559448242188,-51.239585876464844,-55.83362579345703,-171.31175994873047,-122.07870483398438,-172.87883758544922,-44.309425354003906,-92.41924285888672,-130.86490631103516,-0.03833770751953125,-47.90325164794922,-50.09803771972656,A
16.10523685812948,91.7123794555664,-18.6614990234375,-16.063499450683594,-2.8589248657226562,18.360137939453125,-30.764007568359375,46.662330627441406,33.45661163330078,17.124366760253906,61.212158203125,19.708251953125,0.0,-42.4468994140625,-27.25677490234375,44.820404052734375,-66.48941040039062,-11.835670471191406,6.095314025878906,56.91356658935547,46.10271453857422,N
16.10523685812948,87.52765655517578,27.80590057373047,47.88856506347656,2.974700927734375,115.02151489257812,0.0,88.00792694091797,82.38487243652344,108.2733154296875,55.47809600830078,80.39436340332031,-33.63208770751953,-50.59642791748047,23.924636840820312,92.98343658447266,-15.956878662109375,-44.97661590576172,42.917633056640625,120.25375366210938,100.50601959228516,G
16.10523685812948,-26.886558532714844,-14.50958251953125,58.70208740234375,-2.3744583129882812,-73.26602935791016,4.566001892089844,-19.25182342529297,-57.14702606201172,-13.187599182128906,0.0,-47.10235595703125,21.793174743652344,36.23161315917969,5.683135986328125,35.297584533691406,-14.090919494628906,-64.91336822509766,-67.14096069335938,-76.50108337402344,-78.41930389404297,L
16.10523685812948,53.51905822753906,-19.630813598632812,84.92774963378906,0.0,-87.5,86.78321838378906,38.970184326171875,-50.17356872558594,102.78301239013672,-39.69402313232422,0.28553009033203125,66.84799194335938,7.0087432861328125,-70.48511505126953,101.19819641113281,59.566497802734375,58.56342315673828,16.962623596191406,-39.41993713378906,-93.36967468261719,E
16.10523685812948,-57.87925720214844,-23.42243194580078,49.69635009765625,-10.799407958984375,-118.45321655273438,-10.369873046875,9.151077270507812,-17.81768798828125,-56.355857849121094,0.8459091186523438,-11.920738220214844,-23.263931274414062,5.1513671875,-21.822738647460938,42.99964904785156,0.0,-10.716438293457031,61.19213104248047,-36.02619171142578,-86.52725219726562,S
0.75823150109496,-23.30760955810547,-10.601997375488281,34.46846008300781,62.589454650878906,-60.50395965576172,62.14885711669922,0.0,-9.785652160644531,68.5150146484375,-46.559715270996094,15.791893005371094,17.07935333251953,88.32778930664062,-19.07958984375,85.4806900024414,17.856216430664062,47.545814514160156,18.552017211914062,0.07953643798828125,-52.98748016357422,H
0.75823150109496,121.29344940185547,63.664817810058594,105.58509826660156,119.036865234375,-33.994483947753906,120.96500396728516,125.39482116699219,0.0,136.23981475830078,40.58189392089844,79.87003326416016,117.32654571533203,138.68064880371094,119.04354095458984,131.72779083251953,40.58990478515625,76.85184478759766,125.36048889160156,113.52310180664062,105.32894134521484,I
0.75823150109496,-17.45777130126953,-66.89033508300781,75.65135955810547,-15.208625793457031,-75.23384094238281,-32.280731201171875,21.501922607421875,-41.40434265136719,5.657386779785156,-21.459388732910156,-15.690422058105469,-19.49615478515625,-124.9786376953125,-39.00012969970703,0.0,-31.26049041748047,-19.227981567382812,-3.9026260375976562,-25.729751586914062,5.340576171875,R
0.75823150109496,29.7149658203125,-115.95478057861328,-50.848960876464844,-33.64124298095703,-217.91744232177734,-24.21703338623047,53.72734069824219,-190.7695770263672,96.42391204833984,-127.57549285888672,-175.52947998046875,0.0,98.55079650878906,-45.18299102783203,61.67583465576172,-72.80731201171875,8.378982543945312,-210.20870208740234,-157.28168487548828,-188.58795166015625,N
0.75823150109496,-45.29399871826172,-308.27083587646484,-13.764572143554688,-29.7515869140625,-76.8259048461914,-81.62670135498047,-63.95893096923828,0.0,-53.963661193847656,-14.654541015625,-12.547683715820312,-104.8410415649414,9.231376647949219,-41.70513153076172,-30.74512481689453,-229.3193817138672,-119.3807601928711,37.609100341796875,-6.5280914306640625,-23.29998016357422,I
0.75823150109496,84.6487045288086,-7.788848876953125,25.973129272460938,-17.882919311523438,-28.309059143066406,105.20381927490234,-4.290771484375,-16.630935668945312,29.43134307861328,-7.056427001953125,3.0057907104492188,21.974754333496094,35.04638671875,-4.158592224121094,-99.84207153320312,-82.51895904541016,-30.341529846191406,38.424110412597656,0.0,-11.554336547851562,W
0.75823150109496,37.19196319580078,-63.06629180908203,42.193031311035156,19.786453247070312,24.676895141601562,46.440696716308594,54.61559295654297,0.0,-21.97093963623047,45.64399719238281,34.566307067871094,42.378997802734375,84.66625213623047,13.596916198730469,-6.645393371582031,12.298965454101562,74.30858612060547,72.8738784790039,52.164459228515625,82.31029510498047,I
0.75823150109496,27.59838104248047,-85.1999282836914,-12.812232971191406,-1.7427444458007812,-129.39109802246094,-185.49423217773438,-5.770301818847656,-130.83820343017578,9.960174560546875,-143.21975708007812,-15.960121154785156,96.8332290649414,-157.03811645507812,0.0,75.32367706298828,54.129600524902344,43.34735870361328,-43.128395080566406,-110.72044372558594,-59.24396514892578,Q
126.12416446208952,-14.764785766601562,-146.34151458740234,-10.475921630859375,-30.18970489501953,-90.40279388427734,0.0,-8.772468566894531,-310.39562225341797,-1.0831832885742188,-149.09591674804688,-79.39014434814453,-35.6964111328125,23.768997192382812,-46.85249328613281,-6.790924072265625,-90.67440032958984,-58.434295654296875,-151.60846710205078,-109.6099853515625,-18.465232849121094,G
126.12416446208952,-83.12416076660156,-202.41241455078125,-146.5930938720703,-90.95535278320312,-33.80413055419922,-221.77371978759766,10.095787048339844,-73.1271743774414,-9.979820251464844,-23.406028747558594,15.667724609375,-25.55980682373047,-125.02098083496094,1.2582778930664062,-139.95399475097656,-169.96212005615234,-0.7173538208007812,0.0,-27.274322509765625,-19.955062866210938,V
126.12416446208952,25.3265380859375,-78.42044830322266,11.508369445800781,9.183502197265625,-95.82710266113281,0.0,4.24957275390625,-109.97562408447266,68.15032958984375,-50.08068084716797,-39.71290588378906,-19.664573669433594,54.872703552246094,-22.864341735839844,4.4647216796875,31.454849243164062,-3.8852691650390625,-26.479148864746094,-7.2723388671875,-37.18738555908203,G
126.12416446208952,4.9259185791015625,-36.94038391113281,16.59069061279297,2.8240203857421875,-65.42301177978516,0.0,13.480758666992188,-131.9509506225586,14.530754089355469,-18.42060089111328,-35.278892517089844,32.80792236328125,-108.55255126953125,14.858245849609375,-6.914710998535156,-37.917137145996094,-55.87329864501953,-45.13225555419922,-17.802047729492188,31.883811950683594,G
126.12416446208952,35.67180633544922,20.572280883789062,34.24549102783203,-14.441108703613281,68.3034896850586,31.753921508789062,51.32465362548828,12.285232543945312,86.04393005371094,31.433486938476562,36.45668029785156,5.968666076660156,0.0,-10.709762573242188,-6.982421875,59.65747833251953,21.4935302734375,49.42054748535156,64.58168029785156,50.542640686035156,P
126.12416446208952,42.83008575439453,-94.86331939697266,27.90050506591797,-11.595535278320312,-66.10603332519531,-3.2205581665039062,-43.892478942871094,-39.882469177246094,-13.336372375488281,-52.25257873535156,-25.48503875732422,-26.534271240234375,-29.59766387939453,-31.03160858154297,-22.88990020751953,-18.209075927734375,-21.38233184814453,10.978317260742188,-36.85321807861328,0.0,Y
126.12416446208952,-31.465530395507812,-149.2584228515625,0.0,37.235260009765625,-80.18970489501953,18.303871154785156,-11.434364318847656,-96.73423767089844,29.80365753173828,-110.09788513183594,-70.53813934326172,46.62761688232422,-37.32147216796875,-45.888710021972656,4.81109619140625,16.492652893066406,9.656906127929688,-80.80596923828125,-28.910064697265625,-121.1996078491211,D
126.12416446208952,0.0,-287.64190673828125,-20.360755920410156,-38.007545471191406,-115.16265869140625,-60.819435119628906,-70.05176544189453,-127.62603759765625,-59.34581756591797,-53.47919464111328,-108.24947357177734,-15.534210205078125,-56.10179901123047,-82.8460693359375,-50.322723388671875,-104.90036010742188,21.924591064453125,-47.362709045410156,-89.73827362060547,-141.07799530029297,A
6.72229696065186,0.0,-158.17623138427734,16.10546112060547,-45.81584930419922,0.01850128173828125,-31.93836212158203,-6.8523406982421875,-76.76219940185547,-41.67499542236328,23.670387268066406,-66.62521362304688,-9.7747802734375,-79.73194122314453,-62.70637512207031,36.929893493652344,-63.09642791748047,-42.89569854736328,-88.16699981689453,-5.0262451171875,-48.86493682861328,A
6.72229696065186,-17.663002014160156,-162.18814849853516,89.64710235595703,44.181060791015625,39.10655975341797,3.8631439208984375,-13.201522827148438,-74.54757690429688,-45.343017578125,0.0,4.0683746337890625,29.210662841796875,20.027732849121094,29.044723510742188,-1.35345458984375,-25.633811950683594,11.606025695800781,-31.70757293701172,34.110069274902344,-3.1763076782226562,L
6.72229696065186,0.0,-391.3684844970703,-116.46099090576172,-14.856338500976562,-243.69583129882812,9.340858459472656,-99.9185562133789,-121.39911651611328,-37.48359680175781,-83.63094329833984,-53.09581756591797,-119.33917999267578,10.208892822265625,-136.23523712158203,45.878028869628906,-166.75395965576172,-54.295921325683594,-94.4244384765625,-68.02177429199219,-165.28606414794922,A
6.72229696065186,54.435157775878906,-197.17426300048828,0.3009796142578125,-20.26824951171875,-68.81637573242188,25.02765655517578,-36.405181884765625,-41.13311767578125,23.812294006347656,31.029510498046875,-51.775360107421875,-45.91255187988281,-32.81974792480469,-37.810707092285156,22.854232788085938,21.227264404296875,0.0,-100.51708221435547,-74.39517974853516,-93.97201538085938,T
6.72229696065186,-122.40123748779297,-189.0369415283203,-147.3827362060547,-130.2265167236328,-72.85003662109375,-44.99168395996094,4.3079376220703125,-118.03302764892578,-65.81077575683594,-47.66101837158203,-166.5241241455078,0.0,-82.71923065185547,-75.07305145263672,-2.0477294921875,-134.0707778930664,-76.95426940917969,-66.29161834716797,-108.77532958984375,-67.987060546875,N
6.72229696065186,154.64706420898438,10.297203063964844,95.84484100341797,77.12326049804688,0.0,121.5921401977539,84.68036651611328,33.746910095214844,47.472381591796875,35.17131805419922,77.99243927001953,114.9026870727539,98.68888854980469,63.64116668701172,83.72821807861328,41.042137145996094,87.15229034423828,72.9104995727539,108.68511199951172,75.78372955322266,F
6.72229696065186,22.5982666015625,-148.89812469482422,29.811859130859375,-133.62903594970703,-16.417503356933594,-76.5493392944336,8.569526672363281,-59.27772521972656,-17.6849365234375,0.0,-8.122062683105469,55.486488342285156,97.42450714111328,-20.60546875,39.26105499267578,-15.577125549316406,-149.3581771850586,-41.539955139160156,-30.59825897216797,-52.74543762207031,L
6.72229696065186,68.73283386230469,-57.81688690185547,18.95294189453125,50.21858215332031,-25.441360473632812,47.96772003173828,12.265968322753906,-123.62480163574219,105.08193969726562,-68.19438934326172,-48.32954406738281,60.574913024902344,0.0,16.96453094482422,89.49565887451172,86.56463623046875,-33.710289001464844,-19.362449645996094,-13.203239440917969,-10.936164855957031,P
148.3618766069412,-34.41123962402344,-241.75949096679688,-38.66767883300781,-28.758811950683594,-74.47032928466797,-104.4698715209961,-95.89729309082031,-31.39972686767578,75.72650909423828,-73.53897094726562,-22.760963439941406,-112.28580474853516,-62.326622009277344,-52.27069854736328,0.0,-33.73394012451172,-52.059364318847656,-15.559196472167969,-36.33441925048828,-55.3009033203125,R
148.3618766069412,24.477005004882812,-154.5389175415039,-8.88824462890625,23.97480010986328,38.074493408203125,0.0,-24.402999877929688,55.168724060058594,38.066864013671875,77.82135009765625,36.138343811035156,-7.987213134765625,-60.90106964111328,6.6619873046875,-5.37261962890625,-86.20471954345703,-6.550407409667969,111.81011199951172,3.810882568359375,-35.07537841796875,G
148.3618766069412,28.358840942382812,-91.35589599609375,91.57047271728516,-9.706687927246094,-23.606300354003906,63.30413818359375,12.385749816894531,5.503654479980469,0.43582916259765625,-22.574424743652344,-18.417930603027344,48.13671112060547,-141.92333221435547,-39.04228210449219,-16.28704071044922,21.37317657470703,0.0,-21.581077575683594,-3.0725479125976562,-3.8312911987304688,T
148.3618766069412,-29.36534881591797,-90.92369079589844,-16.530227661132812,-13.134765625,18.183326721191406,-25.150108337402344,20.45612335205078,24.956321716308594,35.08777618408203,-17.712974548339844,-35.355186462402344,-5.844879150390625,-21.912193298339844,42.03815460205078,68.66893768310547,0.0,-19.504356384277344,30.504989624023438,14.692306518554688,6.358909606933594,S
148.3618766069412,-13.695144653320312,-105.70011138916016,59.60540771484375,-16.45984649658203,-86.74449920654297,7.315635681152344,12.151527404785156,-1.3742446899414062,42.326927185058594,24.398040771484375,-44.14348602294922,33.47129821777344,-110.03799438476562,0.0,19.34986114501953,-133.04462432861328,-24.02324676513672,-71.54159545898438,-39.687538146972656,-48.766136169433594,Q
148.3618766069412,0.0,-119.53487396240234,39.16015625,116.10374450683594,-65.95611572265625,11.267662048339844,-32.65037536621094,-35.930633544921875,8.951568603515625,-0.844573974609375,6.859016418457031,-194.72923278808594,-115.50273895263672,35.00480651855469,-7.787513732910156,-29.834938049316406,-20.73383331298828,5.9528350830078125,-19.348526000976562,-27.10552215576172,A
148.3618766069412,2.1883010864257812,-45.439720153808594,-22.852706909179688,-26.799583435058594,-22.97039031982422,69.88353729248047,29.42676544189453,-9.19342041015625,8.333778381347656,-31.441879272460938,-13.348197937011719,0.0,-45.33710479736328,16.22791290283203,19.228363037109375,8.475685119628906,38.57746124267578,15.999412536621094,10.804557800292969,-47.41687774658203,N
148.3618766069412,-15.627288818359375,-50.827980041503906,-63.388633728027344,-66.98646545410156,-14.473724365234375,-36.30867004394531,-16.3726806640625,0.0,-9.265708923339844,-5.195426940917969,-12.57476806640625,-38.22669982910156,-26.07746124267578,-38.84468078613281,-9.251785278320312,-36.255455017089844,-21.877479553222656,3.3435821533203125,-8.851051330566406,-4.535484313964844,I
0.26036849012598,-5.251884460449219,-11.825752258300781,0.0,-0.33931732177734375,3.6096572875976562,-3.2423019409179688,6.722068786621094,17.643165588378906,24.030685424804688,19.016075134277344,-1.2104034423828125,0.48732757568359375,-37.14714050292969,3.6069869995117188,22.592735290527344,-13.933372497558594,6.328392028808594,13.328170776367188,9.607124328613281,7.480812072753906,D
0.26036849012598,-29.340171813964844,-69.88601684570312,-3.25927734375,0.0,-85.87226867675781,-36.551475524902344,18.781471252441406,-143.7582015991211,-22.171592712402344,-189.96810913085938,-135.05611419677734,-1.5560150146484375,-21.348953247070312,-12.700653076171875,-6.576347351074219,-48.276519775390625,-20.902442932128906,-88.05313110351562,16.64600372314453,45.01018524169922,E
0.26036849012598,56.13842010498047,0.41790008544921875,-33.06732177734375,-53.682518005371094,-7.379913330078125,0.0,-15.586280822753906,14.129638671875,-48.207855224609375,25.958824157714844,20.648193359375,-20.39775848388672,-7.916450500488281,-44.07997131347656,-32.00874328613281,-7.496070861816406,15.383338928222656,20.85285186767578,7.729911804199219,7.437705993652344,G
0.26036849012598,-15.12908935546875,-26.486968994140625,-84.814453125,-39.90020751953125,-42.94929504394531,-37.103843688964844,-19.239044189453125,-21.465301513671875,0.0,2.0599365234375,-32.58190155029297,-47.46131896972656,-57.88993835449219,-27.08721160888672,-1.4801025390625,-33.931732177734375,-29.34894561767578,-27.984619140625,-27.030563354492188,-21.875572204589844,K
0.26036849012598,-32.50446319580078,-60.13031005859375,-22.95074462890625,-36.298561096191406,-50.548362731933594,-42.843055725097656,-30.77220916748047,-67.17605590820312,-13.479232788085938,-42.514991760253906,-48.43273162841797,-37.139320373535156,-44.88697052001953,-33.87432098388672,0.0,-51.23138427734375,-36.305809020996094,-56.23893737792969,-43.239402770996094,-33.863258361816406,R
0.26036849012598,0.8626937866210938,-9.319305419921875,-31.75525665283203,-9.633827209472656,-30.379104614257812,6.888008117675781,-7.351493835449219,-14.302635192871094,16.84284210205078,0.0,-11.053276062011719,-26.267051696777344,-14.308929443359375,12.237930297851562,29.599571228027344,-1.4606475830078125,2.6567459106445312,-8.092498779296875,3.4236907958984375,-18.13793182373047,L
0.26036849012598,10.199546813964844,-35.02979278564453,-41.349220275878906,-70.48320770263672,0.0,-21.83971405029297,-16.39881134033203,-11.704254150390625,-45.61195373535156,13.271141052246094,22.69306182861328,-29.603958129882812,-14.589500427246094,-53.09028625488281,-97.28145599365234,-34.018898010253906,-6.817436218261719,-13.075065612792969,14.878654479980469,12.026786804199219,F
0.26036849012598,0.0,-34.104156494140625,-1.2334823608398438,1.3103485107421875,-36.287879943847656,-19.269371032714844,4.7191619873046875,-68.10626983642578,16.799354553222656,-44.47803497314453,-17.21630096435547,13.21868896484375,-27.5543212890625,-8.7371826171875,39.000511169433594,-21.38347625732422,-12.380027770996094,-18.77155303955078,-16.643524169921875,-15.810775756835938,A
0.04277790285414085,19.539833068847656,-22.579383850097656,11.843109130859375,14.415931701660156,-25.49266815185547,18.4539794921875,39.434242248535156,-11.008644104003906,42.99182891845703,0.0,-4.851341247558594,33.84532928466797,-5.8231353759765625,35.650062561035156,77.20260620117188,24.48406219482422,18.8751220703125,1.51214599609375,33.12797546386719,7.924079895019531,L
0.04277790285414085,0.0,-43.92719268798828,-22.650909423828125,-42.95158386230469,-43.73817443847656,-18.63994598388672,-31.551170349121094,-23.044776916503906,-20.623207092285156,-14.894676208496094,-10.386276245117188,-8.192634582519531,-5.711174011230469,-27.884864807128906,-35.89210510253906,-45.82042694091797,-13.897323608398438,-19.161415100097656,-60.059356689453125,-40.143585205078125,A
0.04277790285414085,-4.542732238769531,-22.544479370117188,-3.191375732421875,-3.7744522094726562,-22.079086303710938,-8.226585388183594,10.953903198242188,-6.757545471191406,23.65741729736328,20.68023681640625,21.790504455566406,0.0,19.82860565185547,7.567405700683594,17.94586181640625,-7.133293151855469,7.840728759765625,9.491539001464844,8.049964904785156,-2.8631210327148438,N
0.04277790285414085,-28.396034240722656,-54.176902770996094,-2.1249771118164062,-4.642486572265625,-25.557899475097656,-4.401397705078125,9.465599060058594,-13.645744323730469,47.78327941894531,-19.03553009033203,-37.15953826904297,-9.586524963378906,-17.809295654296875,0.0,37.5213623046875,-28.166770935058594,-25.904083251953125,-21.731185913085938,-8.016014099121094,-4.194831848144531,Q
0.04277790285414085,-52.52246856689453,-91.29257202148438,-50.189208984375,-60.890769958496094,-51.976966857910156,-70.95165252685547,3.5427093505859375,-49.44171905517578,0.0,-21.57573699951172,-51.76849365234375,-44.13185119628906,-92.50926971435547,-31.626319885253906,22.13115692138672,-101.66187286376953,-45.96366882324219,-48.13385009765625,-30.323028564453125,-23.725509643554688,K
0.04277790285414085,-5.2215576171875,0.0,-38.056373596191406,3.9857864379882812,7.9925537109375,-90.97404479980469,3.888702392578125,11.942672729492188,-21.030807495117188,33.975791931152344,43.44921112060547,-74.16629791259766,-89.47162628173828,-13.690567016601562,-9.254646301269531,-33.55674743652344,-0.8840560913085938,30.490875244140625,24.021148681640625,3.34014892578125,C
0.04277790285414085,-3.1036376953125,-46.58660888671875,-0.6120681762695312,-1.0467529296875,-20.914459228515625,-32.26356506347656,-13.332748413085938,9.090423583984375,6.360054016113281,8.756446838378906,-6.949424743652344,-17.302322387695312,0.0,-2.2037506103515625,16.076087951660156,-11.287498474121094,7.631111145019531,18.3746337890625,-27.614974975585938,-20.495223999023438,P
0.04277790285414085,10.959815979003906,-56.40678405761719,20.720481872558594,16.39080047607422,-34.77783203125,9.693717956542969,21.543121337890625,-17.5140380859375,37.03765869140625,-9.603309631347656,-5.73883056640625,0.0,-3.1534194946289062,7.525062561035156,36.65428161621094,-6.48193359375,9.2681884765625,-4.686927795410156,-20.870018005371094,-3.6266326904296875,N
0.002099121729770559,-7.110786437988281,-49.746131896972656,-12.011528015136719,-18.795013427734375,-43.05152893066406,-29.91771697998047,-12.100982666015625,-17.452621459960938,20.485305786132812,-10.437393188476562,-1.84326171875,-15.903663635253906,-3.7900924682617188,-4.093360900878906,29.045677185058594,-21.96521759033203,0.0,-10.435295104980469,-27.619171142578125,-14.204788208007812,T
0.002099121729770559,-45.537567138671875,-72.59845733642578,-44.753265380859375,-36.299896240234375,-29.88719940185547,-86.25144958496094,-32.74040222167969,-15.584182739257812,-41.92085266113281,-2.9779434204101562,-24.183082580566406,-65.62271118164062,0.0,-33.97541046142578,-29.141807556152344,-71.78401947021484,-41.530609130859375,-2.1383285522460938,-26.027870178222656,-18.70136260986328,P
0.002099121729770559,-42.733001708984375,-46.37126922607422,-12.979507446289062,-22.07050323486328,-35.76393127441406,-75.77629089355469,-25.037384033203125,-16.843223571777344,-31.451988220214844,-21.4691162109375,-21.750640869140625,-47.31407165527344,-20.940017700195312,-27.411460876464844,0.17070770263671875,-52.81219482421875,-32.37133026123047,0.0,-26.92718505859375,-27.00061798095703,V
0.002099121729770559,-33.148765563964844,-42.223167419433594,7.228851318359375,3.556060791015625,-18.207168579101562,-27.393722534179688,-6.952476501464844,7.450294494628906,-5.2158355712890625,1.6683578491210938,2.5146484375,-10.079574584960938,-23.516273498535156,-12.371063232421875,15.846824645996094,-35.297584533691406,-6.3152313232421875,0.0,-6.371879577636719,10.196685791015625,V
0.002099121729770559,0.0,-33.142662048339844,9.967231750488281,0.38547515869140625,11.364936828613281,-8.286094665527344,-1.535797119140625,-12.156867980957031,-17.36774444580078,-10.875892639160156,3.1036376953125,-23.29864501953125,30.549049377441406,0.30002593994140625,4.886817932128906,-12.030220031738281,11.951828002929688,6.210899353027344,25.082969665527344,25.930213928222656,A
0.002099121729770559,-16.20159149169922,-58.727073669433594,14.609336853027344,17.82817840576172,-32.42931365966797,0.0,21.100807189941406,-34.69867706298828,11.838340759277344,-33.20159912109375,-26.914024353027344,15.91339111328125,8.220672607421875,4.034614562988281,13.741683959960938,-11.339759826660156,14.315986633300781,-26.685714721679688,-16.77703857421875,12.224197387695312,G
0.002099121729770559,35.817527770996094,9.142875671386719,60.970306396484375,61.224937438964844,29.451560974121094,0.0,29.584121704101562,24.143600463867188,48.88572692871094,19.922828674316406,45.91503143310547,71.844482421875,72.24750518798828,46.234703063964844,47.638702392578125,41.375160217285156,28.91674041748047,25.449752807617188,53.76758575439453,39.17579650878906,G
0.002099121729770559,22.649002075195312,-63.063812255859375,48.435020446777344,43.653297424316406,-16.593170166015625,44.777679443359375,44.921875,-7.110023498535156,6.149482727050781,-5.6598663330078125,-4.018211364746094,27.373313903808594,49.332618713378906,50.66699981689453,38.23890686035156,25.024795532226562,14.774894714355469,13.56048583984375,36.97090148925781,0.0,Y
0.04419433098519221,-1.8421173095703125,-32.69481658935547,84.08966064453125,70.20187377929688,26.581382751464844,49.62921142578125,30.59825897216797,14.25018310546875,23.244285583496094,16.808509826660156,5.2555084228515625,34.033775329589844,49.55005645751953,25.196266174316406,49.89490509033203,0.0,-2.7532577514648438,5.0159454345703125,56.269073486328125,21.619606018066406,S
0.04419433098519221,-8.194541931152344,-47.347068786621094,20.245742797851562,18.15814971923828,-20.0225830078125,-6.528663635253906,-8.895111083984375,-30.644798278808594,24.872207641601562,1.0847091674804688,-23.09131622314453,-17.06714630126953,1.4873504638671875,0.0,36.87419891357422,-22.06554412841797,-26.375198364257812,-24.956512451171875,-46.02069854736328,9.563255310058594,Q
0.04419433098519221,36.321258544921875,5.280303955078125,79.80766296386719,47.99785614013672,39.05200958251953,0.0,38.175201416015625,44.35291290283203,17.807960510253906,51.65424346923828,43.450164794921875,58.02268981933594,86.49959564208984,29.670143127441406,25.408172607421875,34.241676330566406,20.82691192626953,34.14268493652344,59.229278564453125,16.37725830078125,G
0.04419433098519221,0.0,-11.041450500488281,97.31426239013672,92.36717224121094,60.243797302246094,30.552291870117188,74.97596740722656,35.78968048095703,69.22607421875,58.526039123535156,45.611572265625,58.446311950683594,44.54669952392578,72.7376937866211,73.71749877929688,26.86176300048828,40.65723419189453,27.609634399414062,67.55084991455078,67.79060363769531,A
0.04419433098519221,0.0,-28.14922332763672,14.222145080566406,32.31849670410156,43.78528594970703,16.454124450683594,4.407691955566406,25.667381286621094,42.87738800048828,53.53107452392578,32.651329040527344,9.450340270996094,20.128250122070312,0.9735107421875,47.27764129638672,-5.1136016845703125,7.958984375,21.08917236328125,44.01512145996094,45.74718475341797,A
0.04419433098519221,-9.099388122558594,-4.683876037597656,58.69274139404297,44.10533905029297,-41.283416748046875,4.593467712402344,-32.27081298828125,-4.583549499511719,18.953704833984375,0.0,-2.0030975341796875,32.00416564941406,14.632797241210938,3.5709381103515625,22.45044708251953,8.809089660644531,23.873519897460938,5.56182861328125,-6.9522857666015625,-31.21814727783203,L
0.04419433098519221,9.257316589355469,-18.774032592773438,12.623214721679688,19.897842407226562,-1.0778427124023438,6.491851806640625,8.513450622558594,0.0,21.509361267089844,8.870315551757812,5.330467224121094,1.7217636108398438,35.057640075683594,21.679306030273438,32.32917785644531,25.953292846679688,19.304466247558594,-1.6923904418945312,16.598129272460938,6.70013427734375,I
0.04419433098519221,0.0,-36.86103820800781,-4.894065856933594,-5.550193786621094,-21.12865447998047,-14.361953735351562,-11.421585083007812,-4.369354248046875,2.8703689575195312,2.553558349609375,-5.492973327636719,-14.156913757324219,22.80902862548828,-0.8874893188476562,23.312950134277344,-3.9766311645507812,0.41599273681640625,-0.20999908447265625,-5.0952911376953125,-12.76092529296875,A
0.69884480908512,0.0,-31.611061096191406,1.5716552734375,11.375236511230469,-13.280105590820312,-21.616172790527344,0.6582260131835938,-8.069992065429688,20.39794921875,3.9318084716796875,-0.7062911987304688,-9.248542785644531,-3.41644287109375,7.748985290527344,15.435981750488281,-0.50048828125,11.937141418457031,1.8777847290039062,11.983680725097656,-7.3970794677734375,A
0.69884480908512,0.0,-15.823173522949219,-48.97136688232422,-36.5875244140625,-7.460784912109375,-4.894828796386719,-22.6806640625,16.461181640625,-7.182121276855469,27.905654907226562,9.997177124023438,-44.9127197265625,11.348724365234375,-24.40643310546875,1.4665603637695312,-8.083724975585938,6.030082702636719,16.234397888183594,20.2117919921875,-1.9727706909179688,A
0.69884480908512,1.2063980102539062,-25.17986297607422,30.599403381347656,37.71839141845703,-0.695037841796875,-1.0898590087890625,28.879165649414062,-1.0837554931640625,44.34471130371094,18.889427185058594,16.907119750976562,28.10382843017578,45.14808654785156,39.663124084472656,56.69441223144531,15.36865234375,21.994972229003906,0.0,15.956687927246094,11.668968200683594,V
0.69884480908512,2.8163909912109375,-21.21124267578125,8.8623046875,-1.1480331420898438,-4.0615081787109375,-7.073974609375,10.373878479003906,5.2570343017578125,18.831253051757812,5.714225769042969,1.8527984619140625,5.30853271484375,5.702972412109375,2.2142410278320312,27.6275634765625,0.0,16.792678833007812,4.19158935546875,13.413429260253906,8.156013488769531,S
0.69884480908512,0.0484466552734375,-20.767784118652344,10.152626037597656,0.0,-9.491920471191406,19.645309448242188,10.570526123046875,-16.05052947998047,9.916114807128906,-6.989097595214844,-3.8665771484375,6.666755676269531,14.204788208007812,-1.9681930541992188,4.426383972167969,-3.8412094116210938,2.10418701171875,-4.405403137207031,17.284011840820312,9.197807312011719,E
0.69884480908512,-17.366981506347656,-12.553977966308594,-0.9057998657226562,-9.3505859375,0.8144378662109375,3.0675888061523438,10.553359985351562,-17.844009399414062,-4.1950225830078125,0.0,-9.109306335449219,-8.066177368164062,17.523574829101562,-0.8935928344726562,11.804962158203125,-8.700180053710938,-7.966041564941406,-9.828758239746094,15.97137451171875,10.545730590820312,L
0.69884480908512,-0.8523941040039062,-35.703277587890625,9.157752990722656,-4.6871185302734375,-16.939735412597656,8.29620361328125,16.933822631835938,-2.7757644653320312,35.71643829345703,-5.0609588623046875,-5.064582824707031,3.5856246948242188,35.144996643066406,3.5747528076171875,34.252357482910156,0.0,6.887054443359375,1.3811111450195312,-0.21114349365234375,6.4319610595703125,S
0.69884480908512,4.077720642089844,-20.024681091308594,12.859725952148438,-2.1089553833007812,1.3612747192382812,0.0,15.533256530761719,8.36029052734375,15.248870849609375,7.419776916503906,0.6372451782226562,-4.157447814941406,19.181060791015625,0.8024215698242188,24.544334411621094,0.28858184814453125,9.397315979003906,16.6748046875,6.1313629150390625,19.121551513671875,G
0.14042846742084,0.0,-32.45735168457031,15.639686584472656,8.812141418457031,-6.66351318359375,-0.9740829467773438,10.174179077148438,-8.956718444824219,21.710777282714844,0.17681121826171875,-8.668136596679688,-5.981254577636719,21.266555786132812,2.4456024169921875,23.198890686035156,1.8375396728515625,10.792350769042969,4.242134094238281,19.45514678955078,16.096115112304688,A
0.14042846742084,3.5036087036132812,-31.68964385986328,16.960525512695312,11.157798767089844,-6.562232971191406,-2.219390869140625,3.751373291015625,-8.001708984375,16.480255126953125,5.4737091064453125,0.40493011474609375,1.4652252197265625,20.087242126464844,14.929389953613281,25.21076202392578,0.7617950439453125,8.724784851074219,0.0,15.343666076660156,8.749961853027344,V
0.14042846742084,2.674102783203125,-40.96698760986328,18.53771209716797,-8.123397827148438,-7.05108642578125,-2.6044845581054688,9.327507019042969,4.527091979980469,0.0,-1.8075942993164062,-4.289054870605469,-1.5108108520507812,21.529388427734375,-5.253410339355469,19.105911254882812,1.6773223876953125,9.856033325195312,5.034065246582031,12.950515747070312,12.809944152832031,K
0.14042846742084,5.589866638183594,-51.29966735839844,9.314918518066406,0.0,-17.082786560058594,3.3588409423828125,4.888725280761719,-14.909934997558594,16.129493713378906,-3.2571792602539062,-13.178062438964844,-9.262275695800781,13.78326416015625,6.063652038574219,24.519729614257812,-9.352302551269531,0.8073806762695312,0.6505966186523438,7.979393005371094,7.771873474121094,E
0.14042846742084,-17.753028869628906,-48.54469299316406,8.938980102539062,-4.191017150878906,-7.573509216308594,-29.97760772705078,0.17604827880859375,-14.008712768554688,-8.051872253417969,-1.236724853515625,-10.589599609375,-13.696098327636719,12.501335144042969,0.0,4.467582702636719,-14.212608337402344,-10.281944274902344,-7.781410217285156,4.806709289550781,7.575798034667969,Q
0.14042846742084,7.3734283447265625,-36.022377014160156,29.463768005371094,18.80168914794922,11.351394653320312,11.992835998535156,24.774169921875,-5.053520202636719,14.275741577148438,13.103675842285156,-3.3338546752929688,8.968734741210938,38.4765625,24.143409729003906,34.49726104736328,8.446693420410156,1.6574859619140625,0.0,22.45502471923828,27.901840209960938,V
0.14042846742084,3.6930084228515625,-56.52618408203125,14.470100402832031,2.0425796508789062,-20.91350555419922,-3.8305282592773438,-4.098701477050781,-5.096435546875,0.0,-4.551887512207031,-7.1628570556640625,1.4669418334960938,15.844535827636719,-5.100822448730469,3.0361175537109375,-2.7910232543945312,7.796478271484375,3.3388137817382812,-15.314865112304688,-6.6028594970703125,K
0.14042846742084,11.07177734375,-39.97669219970703,16.705894470214844,10.306549072265625,-8.48846435546875,0.0,4.2652130126953125,-9.559059143066406,-6.435203552246094,1.8861770629882812,-7.411384582519531,-8.285331726074219,39.090919494628906,7.517051696777344,9.479522705078125,0.13332366943359375,6.538963317871094,5.258750915527344,0.647735595703125,-2.5915145874023438,G
0.02151770531781949,0.03757476806640625,-20.752716064453125,32.947540283203125,32.788848876953125,-2.7776718139648438,8.349609375,11.968421936035156,-9.317970275878906,20.54462432861328,2.4850845336914062,-8.913040161132812,18.149757385253906,21.354103088378906,12.689208984375,32.30171203613281,10.405921936035156,4.9495697021484375,0.0,-0.8356094360351562,6.723976135253906,V
0.02151770531781949,0.0,-49.29847717285156,9.336280822753906,10.777473449707031,-24.02019500732422,-2.8646469116210938,-16.403770446777344,-17.295265197753906,-1.7759323120117188,-7.058525085449219,-9.088897705078125,-6.489372253417969,13.446998596191406,0.812530517578125,18.836212158203125,-10.953521728515625,-3.539276123046875,-5.944252014160156,1.129150390625,-2.3447036743164062,A
0.02151770531781949,-1.1838912963867188,-48.578643798828125,-9.082221984863281,-6.738090515136719,-11.175727844238281,-6.245994567871094,-30.677223205566406,-1.2182235717773438,-10.404777526855469,0.0,-12.363624572753906,-25.017547607421875,13.568878173828125,-15.654563903808594,7.068443298339844,-23.09398651123047,-4.60662841796875,12.158775329589844,-18.865394592285156,-23.19507598876953,L
0.02151770531781949,14.069747924804688,-31.76136016845703,3.301239013671875,9.204673767089844,0.0,9.22393798828125,2.5836944580078125,18.222618103027344,28.75041961669922,21.07067108154297,13.212966918945312,6.074333190917969,38.84544372558594,10.119056701660156,35.21404266357422,2.620697021484375,10.2294921875,19.619178771972656,0.5399703979492188,11.911773681640625,F
0.02151770531781949,-8.334541320800781,-42.109107971191406,-31.060791015625,-38.877296447753906,-26.002883911132812,0.0,-33.94660949707031,-23.820877075195312,-16.506576538085938,-16.71466827392578,-26.044273376464844,-28.977584838867188,-14.081573486328125,-29.295921325683594,-2.12860107421875,-17.557144165039062,-12.027931213378906,-16.355514526367188,-29.00238037109375,-39.19849395751953,G
0.02151770531781949,13.110160827636719,-31.197166442871094,15.367317199707031,-1.0494232177734375,3.7021636962890625,17.89226531982422,5.1342010498046875,-3.029632568359375,10.692787170410156,7.7972412109375,-1.0478973388671875,10.580062866210938,25.783729553222656,1.9262313842773438,16.729354858398438,11.656761169433594,17.577362060546875,7.146644592285156,6.220817565917969,0.0,Y
0.02151770531781949,9.219932556152344,-39.791297912597656,13.440132141113281,6.332969665527344,-12.345695495605469,24.6063232421875,-5.29022216796875,-9.558868408203125,5.217552185058594,5.867767333984375,-7.273674011230469,-2.972412109375,29.25891876220703,0.9107589721679688,20.36762237548828,-1.4730453491210938,0.0,-5.524635314941406,11.982154846191406,-5.454254150390625,T
0.02151770531781949,11.02752685546875,-49.79743957519531,22.258377075195312,12.669944763183594,-16.16363525390625,21.953392028808594,6.016349792480469,-2.22625732421875,7.172203063964844,2.8497695922851562,-5.398368835449219,12.128448486328125,12.478446960449219,0.0,10.383033752441406,6.401634216308594,15.847969055175781,5.315208435058594,-12.798690795898438,-10.281944274902344,Q
0.01248457956535276,3.27911376953125,-56.37836456298828,4.55474853515625,6.6234588623046875,-2.9489517211914062,2.0692825317382812,6.937217712402344,3.12042236328125,15.402793884277344,13.346672058105469,0.6647109985351562,0.0,8.989524841308594,5.8269500732421875,25.144004821777344,-2.0854949951171875,8.856964111328125,9.739494323730469,14.956092834472656,4.6649932861328125,N
0.01248457956535276,-7.835960388183594,-72.73921966552734,4.6535491943359375,-3.1232833862304688,-3.9659500122070312,-1.9952774047851562,-1.3912200927734375,-9.876632690429688,-2.0174026489257812,0.0,-17.159271240234375,-7.844352722167969,-4.1957855224609375,-8.84857177734375,11.855506896972656,-13.505744934082031,-10.153388977050781,-9.733772277832031,18.032073974609375,4.318428039550781,L
0.01248457956535276,0.7610321044921875,-62.037086486816406,11.269950866699219,6.637382507324219,4.378700256347656,3.9117813110351562,11.142921447753906,13.94500732421875,18.326759338378906,18.25389862060547,-0.06561279296875,5.7525634765625,4.9617767333984375,0.0,24.57141876220703,-0.5006790161132812,8.1451416015625,10.34698486328125,9.182357788085938,4.9434661865234375,Q
0.01248457956535276,7.787132263183594,-57.457733154296875,8.411598205566406,9.911346435546875,6.753730773925781,6.277656555175781,7.20977783203125,14.867973327636719,18.25542449951172,23.427772521972656,-3.2381057739257812,0.0,4.39300537109375,4.906463623046875,24.951171875,0.7490158081054688,7.142829895019531,19.179725646972656,24.61566925048828,12.331962585449219,N
0.01248457956535276,-7.344245910644531,-74.34940338134766,-7.850074768066406,-11.020851135253906,-1.9773483276367188,-14.266395568847656,-4.262733459472656,3.9539337158203125,-6.735992431640625,11.003303527832031,-18.46771240234375,-16.634178161621094,-6.262397766113281,-16.917037963867188,0.0,-13.444328308105469,-6.823158264160156,4.999351501464844,10.351371765136719,1.08795166015625,R
0.01248457956535276,10.269355773925781,-45.693016052246094,25.746726989746094,17.53387451171875,20.70159912109375,0.0,25.836753845214844,16.766738891601562,26.014328002929688,26.493263244628906,1.0145187377929688,10.284233093261719,18.365859985351562,11.810874938964844,34.386444091796875,9.420013427734375,8.023262023925781,17.656326293945312,32.647132873535156,32.74497985839844,G
0.01248457956535276,-0.21724700927734375,-42.913246154785156,14.251518249511719,9.534263610839844,3.7668228149414062,0.0,3.43475341796875,-0.1262664794921875,6.98394775390625,13.642692565917969,-1.9018173217773438,-2.8394699096679688,0.156402587890625,0.7303237915039062,18.05877685546875,-5.780029296875,0.8028030395507812,6.972312927246094,20.983505249023438,13.426589965820312,G
0.01248457956535276,3.4555435180664062,-35.54058074951172,13.683509826660156,11.808967590332031,1.67083740234375,-7.011985778808594,12.91046142578125,0.0,27.399253845214844,23.028945922851562,11.792182922363281,3.7036895751953125,-5.623626708984375,5.6507110595703125,23.265647888183594,-0.7017135620117188,5.4229736328125,9.383201599121094,41.69445037841797,20.18566131591797,I
0.014707130685565062,11.295890808105469,-39.583396911621094,19.75574493408203,6.897926330566406,-1.7375946044921875,6.683349609375,2.210235595703125,5.752754211425781,17.217445373535156,5.7239532470703125,-2.9844284057617188,3.9911270141601562,0.0,-7.2254180908203125,18.18866729736328,-3.0225753784179688,6.3953399658203125,8.694076538085938,16.158485412597656,3.1383514404296875,P
0.014707130685565062,9.25750732421875,-52.31456756591797,24.810028076171875,7.366180419921875,-4.9304962158203125,13.341140747070312,18.519210815429688,3.6224365234375,14.118003845214844,6.711769104003906,-10.33172607421875,0.0,4.56695556640625,0.5207061767578125,20.318603515625,-0.8144378662109375,9.456253051757812,11.109733581542969,2.8379440307617188,6.450653076171875,N
0.014707130685565062,-6.902885437011719,-54.454612731933594,0.8485794067382812,-7.581520080566406,-7.3329925537109375,-11.279678344726562,-3.1581878662109375,-2.7566909790039062,-6.942176818847656,10.665702819824219,-1.0889053344726562,-1.3498306274414062,-18.007469177246094,-7.2376251220703125,4.500007629394531,-10.46600341796875,3.7593841552734375,-1.8602371215820312,10.935401916503906,0.0,Y
0.014707130685565062,0.3406524658203125,-46.61979675292969,3.3458709716796875,-5.0136566162109375,-3.9333343505859375,-5.384254455566406,0.170135498046875,-1.873779296875,-2.4017333984375,7.054328918457031,0.23517608642578125,-1.6262054443359375,0.0,-1.567840576171875,13.986396789550781,-3.5898208618164062,0.7455825805664062,5.815315246582031,15.340805053710938,9.696769714355469,P
0.014707130685565062,6.694793701171875,-47.42317199707031,11.906242370605469,1.7543792724609375,-16.56665802001953,2.9422760009765625,-0.37250518798828125,-1.676177978515625,-1.9796371459960938,-0.5283355712890625,-7.956695556640625,-1.0494232177734375,-4.493904113769531,-6.082344055175781,0.0,-5.084800720214844,4.479026794433594,8.950233459472656,-7.933235168457031,-1.4986038208007812,R
0.014707130685565062,3.4387588500976562,-54.64000701904297,6.846427917480469,0.0,-8.428382873535156,-1.9319534301757812,18.50433349609375,-3.1129837036132812,9.177017211914062,6.548309326171875,-1.2155532836914062,-0.66070556640625,-0.11119842529296875,5.0567626953125,12.449836730957031,-2.7246475219726562,3.3159255981445312,10.785484313964844,11.42120361328125,11.512947082519531,E
0.014707130685565062,-9.061241149902344,-52.80170440673828,-9.138107299804688,-18.265151977539062,-16.614341735839844,-13.908767700195312,2.7158737182617188,-17.114639282226562,-6.482124328613281,-5.210304260253906,-12.468910217285156,-13.647079467773438,0.06313323974609375,-1.8827438354492188,0.0,-12.019538879394531,-6.401252746582031,-9.4512939453125,0.968170166015625,-4.683494567871094,R
0.014707130685565062,12.677001953125,-38.24176788330078,3.02734375,-0.7425308227539062,16.16497039794922,5.159187316894531,7.1323394775390625,10.49041748046875,14.136695861816406,16.717529296875,9.85870361328125,-3.2770156860351562,-1.105499267578125,2.813720703125,13.134193420410156,-8.833885192871094,0.0,13.402748107910156,32.940673828125,18.19477081298828,T
0.003291248140158132,-1.0515213012695312,-77.01702117919922,-4.912376403808594,-3.5434722900390625,-22.3480224609375,-11.248970031738281,-3.173828125,-18.616867065429688,0.0,-9.6954345703125,-14.014816284179688,-12.917137145996094,-7.928466796875,-3.9072036743164062,4.284477233886719,-12.940216064453125,-0.879669189453125,-8.160209655761719,-6.266975402832031,1.8651962280273438,K
0.003291248140158132,0.61798095703125,-54.24938201904297,-4.4891357421875,-5.200767517089844,-0.00286102294921875,-9.967994689941406,1.9641876220703125,2.849578857421875,10.310554504394531,5.9871673583984375,-9.222221374511719,-2.3015975952148438,-6.124687194824219,5.1219940185546875,22.600364685058594,-2.022552490234375,6.058311462402344,0.0,16.91722869873047,2.7631759643554688,V
0.003291248140158132,-7.0224761962890625,-58.721351623535156,-9.377288818359375,-13.3544921875,0.0,-7.8655242919921875,-1.9502639770507812,-2.6981353759765625,-10.405158996582031,1.5760421752929688,-10.29205322265625,-7.869529724121094,-11.878013610839844,-11.564826965332031,8.885002136230469,-8.355522155761719,-1.82037353515625,-2.0547866821289062,9.51080322265625,14.552879333496094,F
0.003291248140158132,8.111763000488281,0.0,5.838775634765625,2.5989532470703125,-4.159736633300781,5.0445556640625,10.208320617675781,-3.5221099853515625,0.39424896240234375,3.2451629638671875,6.817626953125,-0.7358551025390625,-2.1566390991210938,6.138801574707031,14.981460571289062,1.2441635131835938,1.830291748046875,7.419586181640625,12.545394897460938,3.985595703125,C
0.003291248140158132,1.958465576171875,-27.109146118164062,13.952064514160156,10.988235473632812,-15.176963806152344,-1.7721176147460938,6.94427490234375,-14.669418334960938,0.7585525512695312,-6.5143585205078125,-8.693695068359375,0.0,2.9500961303710938,5.6301116943359375,11.16180419921875,6.252861022949219,0.8991241455078125,-9.494400024414062,-0.8861541748046875,-8.47015380859375,N
0.003291248140158132,-7.039833068847656,-73.7680435180664,8.369636535644531,-2.6569366455078125,-9.659576416015625,-12.604331970214844,15.47393798828125,-0.8192062377929688,19.39239501953125,13.696861267089844,-12.947273254394531,-9.593582153320312,11.209869384765625,-4.818534851074219,41.57886505126953,-9.28192138671875,-1.6366958618164062,0.0,10.012626647949219,4.892921447753906,V
0.003291248140158132,-20.603370666503906,-91.36219024658203,-8.566665649414062,-26.724624633789062,-24.998092651367188,0.0,-0.6559371948242188,-26.055145263671875,-7.948112487792969,-24.39117431640625,-35.01262664794922,-18.358230590820312,-20.331573486328125,-32.8948974609375,15.6494140625,-22.97992706298828,-21.44775390625,-27.40039825439453,-9.930038452148438,-12.447929382324219,G
0.003291248140158132,-0.8298873901367188,-44.403839111328125,0.0,1.1411666870117188,-23.168563842773438,-3.1114578247070312,-3.6592483520507812,-19.26250457763672,-0.423431396484375,-8.799552917480469,-17.293739318847656,-0.41294097900390625,3.0790328979492188,8.216094970703125,5.8254241943359375,0.5434036254882812,1.715850830078125,-14.043617248535156,-10.120582580566406,-14.862251281738281,D
1.02947959676382,0.0,-40.764617919921875,2.7467727661132812,1.8369674682617188,5.84869384765625,-4.6016693115234375,14.264869689941406,4.196929931640625,25.03814697265625,15.814781188964844,-4.17633056640625,-2.207183837890625,25.444793701171875,9.118461608886719,39.72816467285156,-7.4459075927734375,0.9052276611328125,7.653236389160156,19.880104064941406,13.625717163085938,A
1.02947959676382,-3.8110733032226562,-32.46116638183594,12.818336486816406,5.364799499511719,-2.2745132446289062,-6.216621398925781,2.25067138671875,2.3466110229492188,12.707901000976562,13.234519958496094,-1.6557693481445312,1.2483596801757812,9.751129150390625,9.852981567382812,26.71680450439453,-4.7733306884765625,6.546592712402344,0.0,6.490135192871094,4.164886474609375,V
1.02947959676382,10.586357116699219,0.0,19.225502014160156,15.058135986328125,6.067657470703125,13.407707214355469,13.113784790039062,8.632850646972656,24.261474609375,11.569595336914062,18.229293823242188,9.93499755859375,23.369789123535156,21.175193786621094,32.16896057128906,8.617973327636719,9.974479675292969,13.508987426757812,21.847915649414062,1.2861251831054688,C
1.02947959676382,3.5409927368164062,-29.02393341064453,-0.42209625244140625,-3.0164718627929688,-3.3880233764648438,0.121307373046875,12.431144714355469,2.373504638671875,15.545654296875,4.08935546875,-12.196540832519531,-9.952735900878906,17.042160034179688,0.5575180053710938,30.63678741455078,-5.8269500732421875,0.0,6.620979309082031,-0.31719207763671875,3.5573959350585938,T
1.02947959676382,7.702445983886719,-81.08634948730469,25.34809112548828,15.426254272460938,10.000801086425781,0.0,37.77790069580078,5.745506286621094,41.73240661621094,16.69635772705078,-0.22029876708984375,17.624664306640625,33.91685485839844,16.230010986328125,49.593353271484375,-1.1335372924804688,6.833457946777344,10.778617858886719,10.187339782714844,24.584579467773438,G
1.02947959676382,-8.193016052246094,-70.99781036376953,4.623603820800781,-4.020500183105469,-7.272911071777344,-5.9383392333984375,19.05040740966797,-10.538864135742188,25.25463104248047,-1.689910888671875,-15.83404541015625,-1.8733978271484375,6.135749816894531,-7.272148132324219,34.775352478027344,-7.223701477050781,0.0,-4.9465179443359375,12.579536437988281,5.7094573974609375,T
1.02947959676382,-7.3390960693359375,-86.04412078857422,-13.727378845214844,-14.488983154296875,-11.852455139160156,-16.073989868164062,5.994987487792969,-12.636375427246094,20.731353759765625,0.0,-28.391265869140625,-12.438201904296875,9.788703918457031,-8.529472351074219,31.98680877685547,-15.298652648925781,-8.807563781738281,1.396942138671875,-4.966926574707031,-2.6960372924804688,L
1.02947959676382,-3.5070419311523438,-60.177040100097656,-11.456108093261719,-12.797737121582031,1.8341064453125,-14.779281616210938,5.826759338378906,0.0,17.41809844970703,9.269523620605469,-1.9338607788085938,-4.904747009277344,10.709762573242188,0.26702880859375,29.5135498046875,-5.6262969970703125,3.19061279296875,5.366325378417969,8.487319946289062,5.8055877685546875,I
0.003792099050770048,9.74884033203125,-41.066551208496094,14.778518676757812,10.542869567871094,-2.2535324096679688,16.18785858154297,14.227485656738281,0.0,20.4193115234375,1.0969161987304688,-5.406951904296875,10.968971252441406,2.8562545776367188,7.598114013671875,31.59046173095703,0.429534912109375,4.320526123046875,7.561492919921875,8.17108154296875,8.169746398925781,I
0.003792099050770048,1.3370513916015625,-84.38034057617188,18.637657165527344,0.14476776123046875,-18.738555908203125,-2.1879196166992188,4.115104675292969,-12.956809997558594,25.42400360107422,-6.087303161621094,-18.78833770751953,11.315727233886719,-3.6249160766601562,-8.141899108886719,35.029029846191406,-8.480072021484375,0.0,-3.8608551025390625,-3.36761474609375,-9.520912170410156,T
0.003792099050770048,-2.816009521484375,-70.80574035644531,-0.8039474487304688,-19.067955017089844,-16.567420959472656,0.11997222900390625,-2.4545669555664062,-11.834526062011719,-3.955841064453125,-4.24346923828125,-20.122909545898438,-10.918617248535156,0.0,-8.643722534179688,6.982231140136719,-16.498756408691406,-14.498138427734375,-5.721855163574219,-18.311500549316406,-15.182113647460938,P
0.003792099050770048,0.0,-72.47810363769531,13.873672485351562,-1.0221481323242188,-24.997520446777344,2.5609970092773438,1.8480300903320312,-20.598411560058594,1.6143798828125,-19.049644470214844,-12.746238708496094,12.286186218261719,-7.648468017578125,0.61492919921875,6.2404632568359375,-9.978485107421875,0.9244918823242188,-10.022926330566406,-19.164466857910156,-13.541793823242188,A
0.003792099050770048,13.769340515136719,-47.62763977050781,8.764839172363281,15.899848937988281,-9.08203125,9.355735778808594,0.0,-7.7251434326171875,11.528778076171875,-2.71148681640625,4.586982727050781,4.8694610595703125,10.127067565917969,14.818382263183594,19.646263122558594,0.31490325927734375,10.592269897460938,-1.7086029052734375,17.674636840820312,9.699058532714844,H
0.003792099050770048,-1.0196685791015625,-69.54536437988281,3.6502838134765625,-6.622505187988281,-8.201026916503906,5.675697326660156,13.355064392089844,-6.0619354248046875,11.489295959472656,0.0,-11.557197570800781,3.525543212890625,1.8606185913085938,2.61688232421875,13.477516174316406,-7.924461364746094,3.2461166381835938,-1.0221481323242188,1.95159912109375,-0.5563735961914062,L
0.003792099050770048,1.1640548706054688,-57.431983947753906,14.797401428222656,1.6969680786132812,-19.619369506835938,10.415840148925781,10.487556457519531,-11.061859130859375,-0.5603790283203125,-12.355995178222656,-26.709556579589844,4.796028137207031,11.770248413085938,-6.641197204589844,16.336631774902344,0.0,11.88812255859375,-4.287147521972656,-10.240936279296875,-4.615020751953125,S
0.003792099050770048,-0.428009033203125,-53.54499816894531,5.161285400390625,5.633735656738281,-7.340431213378906,0.7356643676757812,-7.347297668457031,-2.3021697998046875,0.5975723266601562,5.9513092041015625,-1.404571533203125,-5.750274658203125,10.478973388671875,8.344841003417969,-1.3368606567382812,-14.575958251953125,-3.52783203125,3.1574249267578125,-1.7610549926757812,0.0,Y
0.06509141967396,-9.753990173339844,-72.6531982421875,-2.5562286376953125,-10.446929931640625,-7.207298278808594,-8.992195129394531,-3.8503646850585938,-10.178184509277344,4.9358367919921875,5.0262451171875,-4.8976898193359375,-3.0897140502929688,15.779685974121094,2.6021957397460938,17.003822326660156,-8.730697631835938,0.0,-0.5445480346679688,2.3767471313476562,-1.8869400024414062,T
0.06509141967396,0.6793975830078125,-102.1249771118164,6.24542236328125,-17.47455596923828,-9.130477905273438,1.6763687133789062,-0.29048919677734375,0.0,7.681846618652344,-4.755210876464844,-20.708084106445312,-1.1320114135742188,18.689918518066406,-10.583305358886719,11.498069763183594,-6.6623687744140625,1.8047332763671875,6.298065185546875,-15.133094787597656,-6.23321533203125,I
0.06509141967396,7.441520690917969,-67.55752563476562,19.25487518310547,0.0,-9.677886962890625,15.666580200195312,10.437393188476562,5.31768798828125,28.652191162109375,1.1316299438476562,1.5445709228515625,17.829322814941406,15.906906127929688,-1.6180038452148438,21.128273010253906,2.3202896118164062,21.42791748046875,11.158561706542969,0.7890701293945312,7.781982421875,E
0.06509141967396,0.0,-41.02439880371094,23.862648010253906,8.147239685058594,-10.243797302246094,13.42620849609375,28.389739990234375,-7.559967041015625,14.401054382324219,1.9321441650390625,-0.8955001831054688,21.250534057617188,21.941566467285156,22.901153564453125,18.841934204101562,8.16192626953125,11.237907409667969,0.8356094360351562,6.331062316894531,9.088897705078125,A
0.06509141967396,-12.614822387695312,-61.69471740722656,15.358161926269531,-9.440994262695312,-16.8853759765625,6.4250946044921875,-13.782310485839844,-4.7088623046875,8.169364929199219,-7.982444763183594,-8.276557922363281,1.621246337890625,33.817100524902344,-13.034629821777344,0.0,2.9291152954101562,0.49800872802734375,-5.154228210449219,-15.748977661132812,-8.093643188476562,R
0.06509141967396,-18.09864044189453,-80.5521011352539,-10.834693908691406,-44.826698303222656,-50.67729949951172,0.0,2.8150558471679688,-39.83345031738281,6.06842041015625,-42.93384552001953,-49.8992919921875,-14.254188537597656,17.59510040283203,-22.33257293701172,14.578628540039062,-14.092445373535156,-12.15057373046875,-35.78681945800781,-39.12849426269531,-25.86669921875,G
0.06509141967396,-7.1949005126953125,-68.40839385986328,8.859825134277344,0.0,-30.377769470214844,-10.41107177734375,-6.751441955566406,-23.336410522460938,11.413002014160156,-21.898269653320312,-17.09136962890625,-6.942939758300781,8.95233154296875,-0.13904571533203125,0.9906768798828125,-16.85657501220703,-1.1938095092773438,-15.278434753417969,-8.155632019042969,-3.6802291870117188,E
0.06509141967396,0.0,-48.11878204345703,-1.4728546142578125,-20.195388793945312,4.040336608886719,-13.310813903808594,3.9989471435546875,5.8734893798828125,-12.430000305175781,17.532920837402344,3.8869857788085938,1.3364791870117188,13.327217102050781,2.307891845703125,-10.280799865722656,-14.834022521972656,-1.320648193359375,9.525489807128906,-0.897979736328125,-3.5650253295898438,A
0.0015620102203683928,0.0,-6.0085296630859375,50.99449157714844,10.547637939453125,38.80329132080078,18.252182006835938,28.719329833984375,47.614097595214844,43.045616149902344,55.962562561035156,52.821922302246094,50.524139404296875,10.491752624511719,25.08697509765625,28.44715118408203,8.697509765625,32.00550079345703,42.70915985107422,49.55863952636719,39.66045379638672,A
0.0015620102203683928,-5.4264068603515625,-63.62113952636719,23.28815460205078,4.30755615234375,-33.601951599121094,-2.034759521484375,-11.017227172851562,-27.559471130371094,4.562568664550781,-25.60863494873047,-22.432708740234375,-3.2941818237304688,-5.549049377441406,-2.1638870239257812,0.0,-19.932937622070312,-0.7211685180664062,-14.952278137207031,-14.704704284667969,-14.942169189453125,R
0.0015620102203683928,6.3655853271484375,-38.162803649902344,10.747337341308594,10.876083374023438,0.0,-7.146263122558594,1.4574050903320312,6.9000244140625,4.0355682373046875,13.562965393066406,4.8343658447265625,2.2014617919921875,9.678459167480469,13.74359130859375,2.6742935180664062,-5.1990509033203125,10.723304748535156,13.142013549804688,19.05689239501953,12.578010559082031,F
0.0015620102203683928,2.2371292114257812,-28.893089294433594,5.943107604980469,0.2269744873046875,-11.407852172851562,-9.039306640625,-17.498397827148438,13.913726806640625,-13.948249816894531,0.0,0.6586074829101562,8.595085144042969,-5.476570129394531,-10.103988647460938,-23.96717071533203,-12.908744812011719,-1.1266708374023438,16.903114318847656,-6.850624084472656,-3.90625,L
0.0015620102203683928,17.684555053710938,-32.06462860107422,45.69282531738281,16.984176635742188,36.93733215332031,-7.045936584472656,20.01209259033203,55.83953857421875,14.705276489257812,56.594085693359375,40.218162536621094,38.78765106201172,21.81415557861328,-6.231880187988281,0.0,-6.197929382324219,26.29718780517578,57.007408142089844,41.61872863769531,23.55194091796875,R
0.0015620102203683928,-12.590217590332031,-62.07103729248047,0.0,-4.4719696044921875,-49.091339111328125,-10.561752319335938,-11.208534240722656,-41.93859100341797,7.030296325683594,-37.036895751953125,-37.16754913330078,-12.704658508300781,-22.291946411132812,-5.418205261230469,-5.467414855957031,-22.281837463378906,-17.391014099121094,-25.454139709472656,-29.975509643554688,-25.41027069091797,D
0.0015620102203683928,4.792976379394531,-40.07568359375,-7.172203063964844,-5.631446838378906,-8.936882019042969,-9.259796142578125,-1.1621475219726562,2.8551101684570312,0.31986236572265625,11.742210388183594,6.907844543457031,-5.295372009277344,-11.474418640136719,1.2727737426757812,0.0,-14.738655090332031,0.7711410522460938,11.933517456054688,7.756805419921875,1.7259597778320312,R
0.0015620102203683928,-27.0263671875,-39.03522491455078,-11.899185180664062,-26.24359130859375,-15.536689758300781,-20.56446075439453,-17.99945831298828,0.0,-23.662757873535156,9.823417663574219,-7.444953918457031,-21.444320678710938,-10.779380798339844,-26.291847229003906,-28.374481201171875,-38.568687438964844,-34.34486389160156,-1.66015625,-21.685791015625,-12.075424194335938,I
0.0048806730774231255,2.5918960571289062,-81.6253662109375,21.030807495117188,-9.017753601074219,-20.757484436035156,-1.8114089965820312,-6.1676025390625,-14.957618713378906,11.439323425292969,-7.1735382080078125,-18.894195556640625,0.05130767822265625,-2.4858474731445312,-20.88756561279297,0.0,-29.890060424804688,-4.7603607177734375,-11.833000183105469,-22.173118591308594,-20.368003845214844,R
0.0048806730774231255,0.0,-70.88356018066406,32.401275634765625,15.161705017089844,-4.085350036621094,23.66619110107422,34.94682312011719,-18.407249450683594,39.38026428222656,-2.1429061889648438,-15.332221984863281,22.55096435546875,39.864349365234375,23.750877380371094,50.364112854003906,5.6240081787109375,-12.882423400878906,-15.400505065917969,2.1841049194335938,14.286994934082031,A
