mutation,effect
Q1A,-6.7035675048828125
Q1C,-65.49854278564453
Q1D,16.86248779296875
Q1E,0.3025054931640625
Q1F,-35.59131622314453
Q1G,20.43628692626953
Q1H,-10.051536560058594
Q1I,-43.23749542236328
Q1K,-6.49871826171875
Q1L,-21.355438232421875
Q1M,-50.833702087402344
Q1N,1.836395263671875
Q1P,0.042724609375
Q1R,10.179710388183594
Q1S,1.5928268432617188
Q1T,2.8745651245117188
Q1V,-8.974266052246094
Q1W,-20.17841339111328
Q1Y,-18.361282348632812
L2A,20.58734893798828
L2C,-7.8723907470703125
L2D,22.996139526367188
L2E,10.457229614257812
L2F,-8.28094482421875
L2G,23.99616241455078
L2H,3.8434982299804688
L2I,-9.559822082519531
L2K,-6.4273834228515625
L2M,-14.127540588378906
L2N,-0.1026153564453125
L2P,33.69464874267578
L2Q,8.07342529296875
L2R,29.44202423095703
L2S,20.73955535888672
L2T,12.681961059570312
L2V,18.822669982910156
L2W,3.5394668579101562
L2Y,-1.3071060180664062
G3A,16.626739501953125
G3C,-79.82463836669922
G3D,0.6784439086914062
G3E,-3.1518936157226562
G3F,-54.38098907470703
G3H,-18.664169311523438
G3I,-49.98970031738281
G3K,1.5466690063476562
G3L,-24.321937561035156
G3M,-26.303482055664062
G3N,10.834884643554688
G3P,18.243980407714844
G3Q,5.8013916015625
G3R,5.957603454589844
G3S,-1.2529373168945312
G3T,0.22449493408203125
G3V,-17.500686645507812
G3W,-18.54248046875
G3Y,-23.806190490722656
A4C,3.574371337890625
A4D,49.278831481933594
A4E,44.87018585205078
A4F,5.962562561035156
A4G,29.075050354003906
A4H,15.9912109375
A4I,-8.282279968261719
A4K,13.427352905273438
A4L,28.79772186279297
A4M,21.530723571777344
A4N,16.70055389404297
A4P,46.759605407714844
A4Q,15.483856201171875
A4R,24.328994750976562
A4S,4.615211486816406
A4T,30.803489685058594
A4V,44.86408233642578
A4W,37.07256317138672
A4Y,18.894195556640625
I5A,52.41241455078125
I5C,-13.057518005371094
I5D,55.12428283691406
I5E,31.203651428222656
I5F,-12.622642517089844
I5G,30.455589294433594
I5H,27.972412109375
I5K,27.764511108398438
I5L,-15.638351440429688
I5M,19.378662109375
I5N,29.58240509033203
I5P,51.64356231689453
I5Q,8.534812927246094
I5R,38.17768096923828
I5S,19.635581970214844
I5T,16.801071166992188
I5V,28.167152404785156
I5W,28.18279266357422
I5Y,15.07720947265625
E6A,-22.145843505859375
E6C,-84.45873260498047
E6D,22.274017333984375
E6F,-19.54364776611328
E6G,2.0236968994140625
E6H,-26.037025451660156
E6I,-25.691604614257812
E6K,5.448722839355469
E6L,-49.587249755859375
E6M,-21.060562133789062
E6N,-11.658096313476562
E6P,4.1591644287109375
E6Q,-30.006980895996094
E6R,11.466026306152344
E6S,-32.97100067138672
E6T,-22.60265350341797
E6V,-8.205795288085938
E6W,-4.471588134765625
E6Y,-22.420310974121094
N7A,-12.823295593261719
N7C,-77.35958099365234
N7D,15.185546875
N7E,18.98326873779297
N7F,-39.77012634277344
N7G,12.072181701660156
N7H,3.0941009521484375
N7I,-50.92506408691406
N7K,13.619422912597656
N7L,-30.93090057373047
N7M,-19.588279724121094
N7P,13.855171203613281
N7Q,11.447906494140625
N7R,36.08722686767578
N7S,-0.05016326904296875
N7T,-1.0507583618164062
N7V,-30.829620361328125
N7W,-6.667327880859375
N7Y,-15.813446044921875
G8A,4.898262023925781
G8C,-74.87773895263672
G8D,21.602249145507812
G8E,34.4024658203125
G8F,-13.027763366699219
G8H,-1.8190383911132812
G8I,-3.061676025390625
G8K,50.19702911376953
G8L,-22.350311279296875
G8M,-2.0496368408203125
G8N,-16.47796630859375
G8P,48.84376525878906
G8Q,18.66321563720703
G8R,50.03623962402344
G8S,-11.593246459960938
G8T,-14.385223388671875
G8V,27.333831787109375
G8W,41.899681091308594
G8Y,11.762619018554688
L9A,-19.779396057128906
L9C,-72.94387817382812
L9D,37.951087951660156
L9E,17.95024871826172
L9F,6.359291076660156
L9G,0.13885498046875
L9H,11.233329772949219
L9I,-5.815315246582031
L9K,-2.5537490844726562
L9M,-14.442062377929688
L9N,5.1158905029296875
L9P,49.277687072753906
L9Q,14.511299133300781
L9R,52.71797180175781
L9S,-1.2872695922851562
L9T,9.5733642578125
L9V,12.769317626953125
L9W,46.37565612792969
L9Y,29.315757751464844
E10A,-26.03893280029297
E10C,-84.15584564208984
E10D,36.649131774902344
E10F,-26.244163513183594
E10G,20.369911193847656
E10H,4.9617767333984375
E10I,-28.14464569091797
E10K,24.85332489013672
E10L,-10.473251342773438
E10M,-38.295555114746094
E10N,5.768775939941406
E10P,1.46942138671875
E10Q,-16.794586181640625
E10R,14.363288879394531
E10S,-6.362724304199219
E10T,-3.9676666259765625
E10V,-11.815071105957031
E10W,-11.044692993164062
E10Y,-1.8512725830078125
S11A,10.444068908691406
S11C,-49.352455139160156
S11D,29.352378845214844
S11E,3.8568496704101562
S11F,-7.746696472167969
S11G,27.574539184570312
S11H,18.732643127441406
S11I,6.014823913574219
S11K,29.77142333984375
S11L,18.62010955810547
S11M,-18.584442138671875
S11N,-5.837821960449219
S11P,66.78447723388672
S11Q,12.628936767578125
S11R,39.46075439453125
S11T,7.1102142333984375
S11V,-7.17926025390625
S11W,3.23028564453125
S11Y,-8.823585510253906
G12A,-45.45936584472656
G12C,-78.9083480834961
G12D,2.5014877319335938
G12E,-17.626190185546875
G12F,-30.313682556152344
G12H,-38.222312927246094
G12I,-42.42725372314453
G12K,-21.236038208007812
G12L,-60.03837585449219
G12M,-52.71186828613281
G12N,-35.167503356933594
G12P,-13.0859375
G12Q,-42.616844177246094
G12R,-19.77062225341797
G12S,-32.44457244873047
G12T,-8.489418029785156
G12V,-51.44309997558594
G12W,-19.88983154296875
G12Y,-39.841651916503906
S13A,-11.161422729492188
S13C,-56.928253173828125
S13D,17.464065551757812
S13E,-1.0496139526367188
S13F,-39.785003662109375
S13G,5.955696105957031
S13H,1.6283035278320312
S13I,-25.70323944091797
S13K,22.436904907226562
S13L,-21.792221069335938
S13M,-24.381065368652344
S13N,-2.8013229370117188
S13P,-0.737762451171875
S13Q,-1.7192840576171875
S13R,9.26361083984375
S13T,-15.398597717285156
S13V,-10.372734069824219
S13W,2.5068283081054688
S13Y,-20.255088806152344
A14C,-22.136688232421875
A14D,17.689132690429688
A14E,20.637130737304688
A14F,-17.859649658203125
A14G,8.473014831542969
A14H,2.3981094360351562
A14I,-5.484199523925781
A14K,15.912246704101562
A14L,9.690475463867188
A14M,-5.537223815917969
A14N,-2.9386520385742188
A14P,6.288909912109375
A14Q,2.252960205078125
A14R,20.534133911132812
A14S,-8.517646789550781
A14T,-7.157135009765625
A14V,-4.478263854980469
A14W,13.182258605957031
A14Y,-3.3521652221679688
N15A,6.8645477294921875
N15C,-1.8312454223632812
N15D,39.693641662597656
N15E,28.66649627685547
N15F,15.993690490722656
N15G,11.570930480957031
N15H,4.3975830078125
N15I,-1.0711669921875
N15K,14.478683471679688
N15L,3.3109664916992188
N15M,-8.905792236328125
N15P,46.29173278808594
N15Q,3.2648086547851562
N15R,6.349754333496094
N15S,-13.743400573730469
N15T,8.601188659667969
N15V,12.914657592773438
N15W,17.919921875
N15Y,11.770248413085938
A16C,-16.354751586914062
A16D,15.907859802246094
A16E,3.4235000610351562
A16F,-12.141609191894531
A16G,-4.043006896972656
A16H,24.097251892089844
A16I,-11.153221130371094
A16K,14.201545715332031
A16L,-13.901138305664062
A16M,-1.6834259033203125
A16N,-6.365394592285156
A16P,-4.443550109863281
A16Q,2.9178619384765625
A16R,51.279640197753906
A16S,6.745719909667969
A16T,-0.8493423461914062
A16V,6.443977355957031
A16W,10.491371154785156
A16Y,11.338233947753906
C17A,-71.63810729980469
C17D,-41.949462890625
C17E,-30.91259002685547
C17F,-68.26763153076172
C17G,-68.66626739501953
C17H,-16.2841796875
C17I,-52.111053466796875
C17K,-13.90380859375
C17L,-56.621360778808594
C17M,-26.825714111328125
C17N,-40.501976013183594
C17P,-54.56275939941406
C17Q,-68.73283386230469
C17R,-21.54254913330078
C17S,-73.16875457763672
C17T,-69.59037780761719
C17V,-48.08807373046875
C17W,-14.027786254882812
C17Y,-21.469688415527344
P18A,-5.433464050292969
P18C,-62.30602264404297
P18D,16.37859344482422
P18E,-12.242317199707031
P18F,-53.30238342285156
P18G,5.124855041503906
P18H,-11.690330505371094
P18I,-57.50846862792969
P18K,-1.1571884155273438
P18L,-42.03224182128906
P18M,-21.848297119140625
P18N,-8.286285400390625
P18Q,-8.869171142578125
P18R,-1.0976791381835938
P18S,-20.584487915039062
P18T,-15.283966064453125
P18V,-37.20245361328125
P18W,-20.333290100097656
P18Y,-23.677635192871094
D19A,5.240631103515625
D19C,-46.37260437011719
D19E,-19.226837158203125
D19F,-53.371620178222656
D19G,-20.096778869628906
D19H,-20.20435333251953
D19I,-41.188621520996094
D19K,19.045448303222656
D19L,-23.2666015625
D19M,-19.06280517578125
D19N,-7.25555419921875
D19P,-40.82622528076172
D19Q,-9.348869323730469
D19R,3.5419464111328125
D19S,-10.032844543457031
D19T,-22.048187255859375
D19V,-31.691741943359375
D19W,-19.001007080078125
D19Y,-36.910438537597656
A20C,-32.622718811035156
A20D,53.41835021972656
A20E,30.748939514160156
A20F,-41.28265380859375
A20G,14.336204528808594
A20H,0.06504058837890625
A20I,-9.359931945800781
A20K,2.7330398559570312
A20L,-22.426986694335938
A20M,6.595802307128906
A20N,7.110404968261719
A20P,-12.891006469726562
A20Q,17.57183074951172
A20R,4.7695159912109375
A20S,-12.2802734375
A20T,-11.584281921386719
A20V,-2.6460647583007812
A20W,6.293678283691406
A20Y,-18.31512451171875
I21A,1.5415191650390625
I21C,2.8326034545898438
I21D,1.72576904296875
I21E,2.4263381958007812
I21F,-20.381546020507812
I21G,12.324714660644531
I21H,-30.203628540039062
I21K,49.06444549560547
I21L,27.07843780517578
I21M,41.069793701171875
I21N,6.605720520019531
I21P,21.512794494628906
I21Q,29.016494750976562
I21R,43.51043701171875
I21S,2.3393630981445312
I21T,30.07030487060547
I21V,6.14013671875
I21W,35.013771057128906
I21Y,-4.103660583496094
L22A,-13.430976867675781
L22C,-75.53634643554688
L22D,4.965019226074219
L22E,13.323593139648438
L22F,-21.11377716064453
L22G,-14.3096923828125
L22H,-35.097503662109375
L22I,-36.566162109375
L22K,-20.39051055908203
L22M,10.097503662109375
L22N,-34.931182861328125
L22P,-19.804954528808594
L22Q,-27.06298828125
L22R,-12.316322326660156
L22S,-38.718414306640625
L22T,-70.14179229736328
L22V,-20.30925750732422
L22W,-6.06689453125
L22Y,-11.7218017578125
I23A,-14.340019226074219
I23C,-47.182655334472656
I23D,27.57854461669922
I23E,50.678062438964844
I23F,-7.427024841308594
I23G,16.144752502441406
I23H,38.23089599609375
I23K,40.807342529296875
I23L,-9.822273254394531
I23M,9.795951843261719
I23N,29.9896240234375
I23P,14.65606689453125
I23Q,25.194168090820312
I23R,47.66426086425781
I23S,2.8469085693359375
I23T,16.63799285888672
I23V,12.226295471191406
I23W,31.14490509033203
I23Y,15.106010437011719
F24A,-12.546348571777344
F24C,-47.820281982421875
F24D,-44.542884826660156
F24E,-27.6092529296875
F24G,-13.450050354003906
F24H,-3.7652969360351562
F24I,6.407356262207031
F24K,-12.755584716796875
F24L,34.175682067871094
F24M,18.30921173095703
F24N,-28.431320190429688
F24P,-0.74005126953125
F24Q,-6.944847106933594
F24R,-0.7646560668945312
F24S,-34.56153869628906
F24T,-9.097862243652344
F24V,9.005546569824219
F24W,21.459197998046875
F24Y,18.293190002441406
A25C,-61.882781982421875
A25D,-63.92631530761719
A25E,-51.21326446533203
A25F,-33.39862823486328
A25G,-32.155418395996094
A25H,-43.17646026611328
A25I,-18.49689483642578
A25K,-44.129371643066406
A25L,-4.170799255371094
A25M,-12.279129028320312
A25N,-51.917457580566406
A25P,-57.25116729736328
A25Q,-56.5704345703125
A25R,-37.41607666015625
A25S,-31.518173217773438
A25T,-27.974700927734375
A25V,-3.1414031982421875
A25W,-42.812347412109375
A25Y,-36.38191223144531
R26A,42.771339416503906
R26C,-1.0036468505859375
R26D,1.0328292846679688
R26E,22.05333709716797
R26F,-8.162498474121094
R26G,31.12010955810547
R26H,52.46448516845703
R26I,5.3180694580078125
R26K,15.673065185546875
R26L,8.33740234375
R26M,31.914901733398438
R26N,24.839019775390625
R26P,38.434791564941406
R26Q,35.58025360107422
R26S,16.11175537109375
R26T,8.379364013671875
R26V,3.730010986328125
R26W,20.923805236816406
R26Y,20.014190673828125
G27A,-28.37066650390625
G27C,-43.306922912597656
G27D,-46.19121551513672
G27E,-24.42035675048828
G27F,-35.0616455078125
G27H,6.162834167480469
G27I,-53.89442443847656
G27K,-26.058578491210938
G27L,-42.31739044189453
G27M,-30.383682250976562
G27N,-55.268287658691406
G27P,-49.05548095703125
G27Q,-29.104042053222656
G27R,-26.220130920410156
G27S,-22.52674102783203
G27T,-75.8493423461914
G27V,-36.41014099121094
G27W,-3.1923294067382812
G27Y,-19.109535217285156
S28A,36.31401062011719
S28C,0.4833221435546875
S28D,29.47254180908203
S28E,31.682777404785156
S28F,38.285255432128906
S28G,30.826187133789062
S28H,29.15325164794922
S28I,46.395301818847656
S28K,39.359283447265625
S28L,53.549957275390625
S28M,39.43309783935547
S28N,25.71239471435547
S28P,19.084930419921875
S28Q,37.604713439941406
S28R,49.64466094970703
S28T,2.510833740234375
S28V,31.3995361328125
S28W,40.50426483154297
S28Y,53.554534912109375
T29A,1.5024185180664062
T29C,-84.46407318115234
T29D,19.202041625976562
T29E,8.645248413085938
T29F,-18.314170837402344
T29G,20.30181884765625
T29H,4.848289489746094
T29I,-4.448127746582031
T29K,14.33868408203125
T29L,-14.307975769042969
T29M,-24.69024658203125
T29N,3.6413192749023438
T29P,-13.664436340332031
T29Q,-0.9458541870117188
T29R,20.34759521484375
T29S,-2.7273178100585938
T29V,-2.9895782470703125
T29W,-24.447250366210938
T29Y,-15.9393310546875
E30A,3.9033889770507812
E30C,-48.81324768066406
E30D,9.626007080078125
E30F,-56.10370635986328
E30G,8.246803283691406
E30H,-8.1634521484375
E30I,-24.288368225097656
E30K,22.34172821044922
E30L,-18.045425415039062
E30M,-21.018600463867188
E30N,-5.4035186767578125
E30P,-2.8047561645507812
E30Q,-6.542778015136719
E30R,30.627822875976562
E30S,-12.928009033203125
E30T,-7.093238830566406
E30V,-9.580230712890625
E30W,-19.862937927246094
E30Y,-40.66734313964844
P31A,-18.400192260742188
P31C,-59.86518859863281
P31D,-17.3583984375
P31E,-17.520523071289062
P31F,-28.50513458251953
P31G,-9.679412841796875
P31H,-18.82476806640625
P31I,-27.80895233154297
P31K,-4.585456848144531
P31L,-28.99341583251953
P31M,-29.50592041015625
P31N,-32.99980163574219
P31Q,-25.242996215820312
P31R,16.517257690429688
P31S,-20.69263458251953
P31T,-20.88642120361328
P31V,-20.749664306640625
P31W,-12.489128112792969
P31Y,-24.394798278808594
G32A,-15.75164794921875
G32C,-44.918251037597656
G32D,-1.8262863159179688
G32E,-18.65863800048828
G32F,-46.370697021484375
G32H,-16.796302795410156
G32I,-23.508262634277344
G32K,7.427978515625
G32L,-27.92205810546875
G32M,-30.898094177246094
G32N,-20.571327209472656
G32P,-9.837532043457031
G32Q,-27.882957458496094
G32R,24.772262573242188
G32S,-16.246986389160156
G32T,-15.241622924804688
G32V,-15.657234191894531
G32W,-27.53009796142578
G32Y,-54.920196533203125
N33A,20.668411254882812
N33C,-28.01380157470703
N33D,41.15428924560547
N33E,37.21656799316406
N33F,18.36090087890625
N33G,23.242950439453125
N33H,48.60858917236328
N33I,6.1870574951171875
N33K,59.07115936279297
N33L,16.270828247070312
N33M,12.688827514648438
N33P,42.13733673095703
N33Q,31.41155242919922
N33R,76.1138916015625
N33S,22.377967834472656
N33T,24.090194702148438
N33V,18.66436004638672
N33W,41.552734375
N33Y,18.297767639160156
M34A,19.675445556640625
M34C,-18.54991912841797
M34D,27.87609100341797
M34E,9.573554992675781
M34F,-0.6254196166992188
M34G,22.267532348632812
M34H,10.355186462402344
M34I,-12.904548645019531
M34K,15.634727478027344
M34L,1.5668869018554688
M34N,-0.7816314697265625
M34P,35.19744873046875
M34Q,-0.7192611694335938
M34R,31.608009338378906
M34S,-1.4575958251953125
M34T,4.775428771972656
M34V,4.7756195068359375
M34W,34.447669982910156
M34Y,4.6443939208984375
G35A,-2.1970748901367188
G35C,-29.776573181152344
G35D,6.0802459716796875
G35E,-11.316108703613281
G35F,23.00090789794922
G35H,21.689987182617188
G35I,2.7051925659179688
G35K,2.3138046264648438
G35L,18.60637664794922
G35M,11.038398742675781
G35N,-16.68834686279297
G35P,4.644203186035156
G35Q,-7.061958312988281
G35R,26.403045654296875
G35S,-8.089637756347656
G35T,-20.186805725097656
G35V,9.929656982421875
G35W,33.396148681640625
G35Y,19.41356658935547
I36A,-1.56097412109375
I36C,-58.06560516357422
I36D,2.3386001586914062
I36E,10.094070434570312
I36F,-0.412750244140625
I36G,-6.4083099365234375
I36H,11.99493408203125
I36K,44.69757080078125
I36L,19.641685485839844
I36M,6.801414489746094
I36N,-3.3298492431640625
I36P,0.02918243408203125
I36Q,-4.515266418457031
I36R,54.785919189453125
I36S,-21.395111083984375
I36T,-3.4669876098632812
I36V,8.148002624511719
I36W,8.077621459960938
I36Y,-0.778961181640625
T37A,8.538055419921875
T37C,-55.43670654296875
T37D,31.229782104492188
T37E,15.337753295898438
T37F,15.081977844238281
T37G,4.438018798828125
T37H,17.090797424316406
T37I,-1.6992568969726562
T37K,28.148651123046875
T37L,25.03643035888672
T37M,13.749313354492188
T37N,11.288833618164062
T37P,25.335311889648438
T37Q,9.989547729492188
T37R,37.659263610839844
T37S,-5.884361267089844
T37V,8.703041076660156
T37W,46.092796325683594
T37Y,13.820838928222656
V38A,-23.830795288085938
V38C,-105.75408935546875
V38D,-34.45892333984375
V38E,-50.44841766357422
V38F,-21.329689025878906
V38G,-56.31847381591797
V38H,-32.72418975830078
V38I,-5.326271057128906
V38K,-57.910728454589844
V38L,18.037033081054688
V38M,-8.953666687011719
V38N,-60.710906982421875
V38P,-57.59162902832031
V38Q,-43.61133575439453
V38R,-70.86868286132812
V38S,-103.44619750976562
V38T,-42.993927001953125
V38W,-3.5808563232421875
V38Y,-30.208206176757812
G39A,23.253822326660156
G39C,-37.534523010253906
G39D,-3.3260345458984375
G39E,-6.7874908447265625
G39F,41.81098937988281
G39H,17.518234252929688
G39I,42.40150451660156
G39K,-3.0149459838867188
G39L,59.69047546386719
G39M,46.462440490722656
G39N,11.654853820800781
G39P,9.27581787109375
G39Q,-7.6992034912109375
G39R,5.078315734863281
G39S,3.9386749267578125
G39T,14.707374572753906
G39V,28.345108032226562
G39W,41.09172821044922
G39Y,42.53387451171875
P40A,62.883758544921875
P40C,20.705223083496094
P40D,82.62825012207031
P40E,68.11161041259766
P40F,47.53532409667969
P40G,41.71562194824219
P40H,48.645973205566406
P40I,61.73725128173828
P40K,26.75018310546875
P40L,40.02113342285156
P40M,61.93275451660156
P40N,68.4347152709961
P40Q,71.99535369873047
P40R,107.11822509765625
P40S,48.0804443359375
P40T,10.904693603515625
P40V,30.072975158691406
P40W,70.0998306274414
P40Y,52.48126983642578
A41C,-92.47283935546875
A41D,22.304344177246094
A41E,37.15667724609375
A41F,-23.31104278564453
A41G,17.107009887695312
A41H,-6.248283386230469
A41I,4.9381256103515625
A41K,-22.803688049316406
A41L,53.635215759277344
A41M,10.002326965332031
A41N,-59.40055847167969
A41P,-30.713844299316406
A41Q,-91.88461303710938
A41R,29.6478271484375
A41S,28.096580505371094
A41T,-97.41840362548828
A41V,21.085357666015625
A41W,35.81523895263672
A41Y,-14.183998107910156
L42A,71.22077941894531
L42C,-32.190704345703125
L42D,-22.69420623779297
L42E,18.394088745117188
L42F,-11.119270324707031
L42G,-50.76713562011719
L42H,-9.524726867675781
L42I,47.191619873046875
L42K,39.996910095214844
L42M,76.86729431152344
L42N,-36.614036560058594
L42P,16.559219360351562
L42Q,-18.984222412109375
L42R,29.66747283935547
L42S,-23.455810546875
L42T,5.089759826660156
L42V,71.3327407836914
L42W,26.75037384033203
L42Y,-27.278709411621094
A43C,-47.418212890625
A43D,-119.41967010498047
A43E,-125.04158020019531
A43F,-73.41938018798828
A43G,-89.5517349243164
A43H,-99.14836883544922
A43I,-70.75672149658203
A43K,-14.176559448242188
A43L,-51.239585876464844
A43M,-55.83362579345703
A43N,-171.31175994873047
A43P,-122.07870483398438
A43Q,-172.87883758544922
A43R,-44.309425354003906
A43S,-92.41924285888672
A43T,-130.86490631103516
A43V,-0.03833770751953125
A43W,-47.90325164794922
A43Y,-50.09803771972656
N44A,91.7123794555664
N44C,-18.6614990234375
N44D,-16.063499450683594
N44E,-2.8589248657226562
N44F,18.360137939453125
N44G,-30.764007568359375
N44H,46.662330627441406
N44I,33.45661163330078
N44K,17.124366760253906
N44L,61.212158203125
N44M,19.708251953125
N44P,-42.4468994140625
N44Q,-27.25677490234375
N44R,44.820404052734375
N44S,-66.48941040039062
N44T,-11.835670471191406
N44V,6.095314025878906
N44W,56.91356658935547
N44Y,46.10271453857422
G45A,87.52765655517578
G45C,27.80590057373047
G45D,47.88856506347656
G45E,2.974700927734375
G45F,115.02151489257812
G45H,88.00792694091797
G45I,82.38487243652344
G45K,108.2733154296875
G45L,55.47809600830078
G45M,80.39436340332031
G45N,-33.63208770751953
G45P,-50.59642791748047
G45Q,23.924636840820312
G45R,92.98343658447266
G45S,-15.956878662109375
G45T,-44.97661590576172
G45V,42.917633056640625
G45W,120.25375366210938
G45Y,100.50601959228516
L46A,-26.886558532714844
L46C,-14.50958251953125
L46D,58.70208740234375
L46E,-2.3744583129882812
L46F,-73.26602935791016
L46G,4.566001892089844
L46H,-19.25182342529297
L46I,-57.14702606201172
L46K,-13.187599182128906
L46M,-47.10235595703125
L46N,21.793174743652344
L46P,36.23161315917969
L46Q,5.683135986328125
L46R,35.297584533691406
L46S,-14.090919494628906
L46T,-64.91336822509766
L46V,-67.14096069335938
L46W,-76.50108337402344
L46Y,-78.41930389404297
E47A,53.51905822753906
E47C,-19.630813598632812
E47D,84.92774963378906
E47F,-87.5
E47G,86.78321838378906
E47H,38.970184326171875
E47I,-50.17356872558594
E47K,102.78301239013672
E47L,-39.69402313232422
E47M,0.28553009033203125
E47N,66.84799194335938
E47P,7.0087432861328125
E47Q,-70.48511505126953
E47R,101.19819641113281
E47S,59.566497802734375
E47T,58.56342315673828
E47V,16.962623596191406
E47W,-39.41993713378906
E47Y,-93.36967468261719
S48A,-57.87925720214844
S48C,-23.42243194580078
S48D,49.69635009765625
S48E,-10.799407958984375
S48F,-118.45321655273438
S48G,-10.369873046875
S48H,9.151077270507812
S48I,-17.81768798828125
S48K,-56.355857849121094
S48L,0.8459091186523438
S48M,-11.920738220214844
S48N,-23.263931274414062
S48P,5.1513671875
S48Q,-21.822738647460938
S48R,42.99964904785156
S48T,-10.716438293457031
S48V,61.19213104248047
S48W,-36.02619171142578
S48Y,-86.52725219726562
H49A,-23.30760955810547
H49C,-10.601997375488281
H49D,34.46846008300781
H49E,62.589454650878906
H49F,-60.50395965576172
H49G,62.14885711669922
H49I,-9.785652160644531
H49K,68.5150146484375
H49L,-46.559715270996094
H49M,15.791893005371094
H49N,17.07935333251953
H49P,88.32778930664062
H49Q,-19.07958984375
H49R,85.4806900024414
H49S,17.856216430664062
H49T,47.545814514160156
H49V,18.552017211914062
H49W,0.07953643798828125
H49Y,-52.98748016357422
I50A,121.29344940185547
I50C,63.664817810058594
I50D,105.58509826660156
I50E,119.036865234375
I50F,-33.994483947753906
I50G,120.96500396728516
I50H,125.39482116699219
I50K,136.23981475830078
I50L,40.58189392089844
I50M,79.87003326416016
I50N,117.32654571533203
I50P,138.68064880371094
I50Q,119.04354095458984
I50R,131.72779083251953
I50S,40.58990478515625
I50T,76.85184478759766
I50V,125.36048889160156
I50W,113.52310180664062
I50Y,105.32894134521484
R51A,-17.45777130126953
R51C,-66.89033508300781
R51D,75.65135955810547
R51E,-15.208625793457031
R51F,-75.23384094238281
R51G,-32.280731201171875
R51H,21.501922607421875
R51I,-41.40434265136719
R51K,5.657386779785156
R51L,-21.459388732910156
R51M,-15.690422058105469
R51N,-19.49615478515625
R51P,-124.9786376953125
R51Q,-39.00012969970703
R51S,-31.26049041748047
R51T,-19.227981567382812
R51V,-3.9026260375976562
R51W,-25.729751586914062
R51Y,5.340576171875
N52A,29.7149658203125
N52C,-115.95478057861328
N52D,-50.848960876464844
N52E,-33.64124298095703
N52F,-217.91744232177734
N52G,-24.21703338623047
N52H,53.72734069824219
N52I,-190.7695770263672
N52K,96.42391204833984
N52L,-127.57549285888672
N52M,-175.52947998046875
N52P,98.55079650878906
N52Q,-45.18299102783203
N52R,61.67583465576172
N52S,-72.80731201171875
N52T,8.378982543945312
N52V,-210.20870208740234
N52W,-157.28168487548828
N52Y,-188.58795166015625
I53A,-45.29399871826172
I53C,-308.27083587646484
I53D,-13.764572143554688
I53E,-29.7515869140625
I53F,-76.8259048461914
I53G,-81.62670135498047
I53H,-63.95893096923828
I53K,-53.963661193847656
I53L,-14.654541015625
I53M,-12.547683715820312
I53N,-104.8410415649414
I53P,9.231376647949219
I53Q,-41.70513153076172
I53R,-30.74512481689453
I53S,-229.3193817138672
I53T,-119.3807601928711
I53V,37.609100341796875
I53W,-6.5280914306640625
I53Y,-23.29998016357422
W54A,84.6487045288086
W54C,-7.788848876953125
W54D,25.973129272460938
W54E,-17.882919311523438
W54F,-28.309059143066406
W54G,105.20381927490234
W54H,-4.290771484375
W54I,-16.630935668945312
W54K,29.43134307861328
W54L,-7.056427001953125
W54M,3.0057907104492188
W54N,21.974754333496094
W54P,35.04638671875
W54Q,-4.158592224121094
W54R,-99.84207153320312
W54S,-82.51895904541016
W54T,-30.341529846191406
W54V,38.424110412597656
W54Y,-11.554336547851562
I55A,37.19196319580078
I55C,-63.06629180908203
I55D,42.193031311035156
I55E,19.786453247070312
I55F,24.676895141601562
I55G,46.440696716308594
I55H,54.61559295654297
I55K,-21.97093963623047
I55L,45.64399719238281
I55M,34.566307067871094
I55N,42.378997802734375
I55P,84.66625213623047
I55Q,13.596916198730469
I55R,-6.645393371582031
I55S,12.298965454101562
I55T,74.30858612060547
I55V,72.8738784790039
I55W,52.164459228515625
I55Y,82.31029510498047
Q56A,27.59838104248047
Q56C,-85.1999282836914
Q56D,-12.812232971191406
Q56E,-1.7427444458007812
Q56F,-129.39109802246094
Q56G,-185.49423217773438
Q56H,-5.770301818847656
Q56I,-130.83820343017578
Q56K,9.960174560546875
Q56L,-143.21975708007812
Q56M,-15.960121154785156
Q56N,96.8332290649414
Q56P,-157.03811645507812
Q56R,75.32367706298828
Q56S,54.129600524902344
Q56T,43.34735870361328
Q56V,-43.128395080566406
Q56W,-110.72044372558594
Q56Y,-59.24396514892578
G57A,-14.764785766601562
G57C,-146.34151458740234
G57D,-10.475921630859375
G57E,-30.18970489501953
G57F,-90.40279388427734
G57H,-8.772468566894531
G57I,-310.39562225341797
G57K,-1.0831832885742188
G57L,-149.09591674804688
G57M,-79.39014434814453
G57N,-35.6964111328125
G57P,23.768997192382812
G57Q,-46.85249328613281
G57R,-6.790924072265625
G57S,-90.67440032958984
G57T,-58.434295654296875
G57V,-151.60846710205078
G57W,-109.6099853515625
G57Y,-18.465232849121094
V58A,-83.12416076660156
V58C,-202.41241455078125
V58D,-146.5930938720703
V58E,-90.95535278320312
V58F,-33.80413055419922
V58G,-221.77371978759766
V58H,10.095787048339844
V58I,-73.1271743774414
V58K,-9.979820251464844
V58L,-23.406028747558594
V58M,15.667724609375
V58N,-25.55980682373047
V58P,-125.02098083496094
V58Q,1.2582778930664062
V58R,-139.95399475097656
V58S,-169.96212005615234
V58T,-0.7173538208007812
V58W,-27.274322509765625
V58Y,-19.955062866210938
G59A,25.3265380859375
G59C,-78.42044830322266
G59D,11.508369445800781
G59E,9.183502197265625
G59F,-95.82710266113281
G59H,4.24957275390625
G59I,-109.97562408447266
G59K,68.15032958984375
G59L,-50.08068084716797
G59M,-39.71290588378906
G59N,-19.664573669433594
G59P,54.872703552246094
G59Q,-22.864341735839844
G59R,4.4647216796875
G59S,31.454849243164062
G59T,-3.8852691650390625
G59V,-26.479148864746094
G59W,-7.2723388671875
G59Y,-37.18738555908203
G60A,4.9259185791015625
G60C,-36.94038391113281
G60D,16.59069061279297
G60E,2.8240203857421875
G60F,-65.42301177978516
G60H,13.480758666992188
G60I,-131.9509506225586
G60K,14.530754089355469
G60L,-18.42060089111328
G60M,-35.278892517089844
G60N,32.80792236328125
G60P,-108.55255126953125
G60Q,14.858245849609375
G60R,-6.914710998535156
G60S,-37.917137145996094
G60T,-55.87329864501953
G60V,-45.13225555419922
G60W,-17.802047729492188
G60Y,31.883811950683594
P61A,35.67180633544922
P61C,20.572280883789062
P61D,34.24549102783203
P61E,-14.441108703613281
P61F,68.3034896850586
P61G,31.753921508789062
P61H,51.32465362548828
P61I,12.285232543945312
P61K,86.04393005371094
P61L,31.433486938476562
P61M,36.45668029785156
P61N,5.968666076660156
P61Q,-10.709762573242188
P61R,-6.982421875
P61S,59.65747833251953
P61T,21.4935302734375
P61V,49.42054748535156
P61W,64.58168029785156
P61Y,50.542640686035156
Y62A,42.83008575439453
Y62C,-94.86331939697266
Y62D,27.90050506591797
Y62E,-11.595535278320312
Y62F,-66.10603332519531
Y62G,-3.2205581665039062
Y62H,-43.892478942871094
Y62I,-39.882469177246094
Y62K,-13.336372375488281
Y62L,-52.25257873535156
Y62M,-25.48503875732422
Y62N,-26.534271240234375
Y62P,-29.59766387939453
Y62Q,-31.03160858154297
Y62R,-22.88990020751953
Y62S,-18.209075927734375
Y62T,-21.38233184814453
Y62V,10.978317260742188
Y62W,-36.85321807861328
D63A,-31.465530395507812
D63C,-149.2584228515625
D63E,37.235260009765625
D63F,-80.18970489501953
D63G,18.303871154785156
D63H,-11.434364318847656
D63I,-96.73423767089844
D63K,29.80365753173828
D63L,-110.09788513183594
D63M,-70.53813934326172
D63N,46.62761688232422
D63P,-37.32147216796875
D63Q,-45.888710021972656
D63R,4.81109619140625
D63S,16.492652893066406
D63T,9.656906127929688
D63V,-80.80596923828125
D63W,-28.910064697265625
D63Y,-121.1996078491211
A64C,-287.64190673828125
A64D,-20.360755920410156
A64E,-38.007545471191406
A64F,-115.16265869140625
A64G,-60.819435119628906
A64H,-70.05176544189453
A64I,-127.62603759765625
A64K,-59.34581756591797
A64L,-53.47919464111328
A64M,-108.24947357177734
A64N,-15.534210205078125
A64P,-56.10179901123047
A64Q,-82.8460693359375
A64R,-50.322723388671875
A64S,-104.90036010742188
A64T,21.924591064453125
A64V,-47.362709045410156
A64W,-89.73827362060547
A64Y,-141.07799530029297
A65C,-158.17623138427734
A65D,16.10546112060547
A65E,-45.81584930419922
A65F,0.01850128173828125
A65G,-31.93836212158203
A65H,-6.8523406982421875
A65I,-76.76219940185547
A65K,-41.67499542236328
A65L,23.670387268066406
A65M,-66.62521362304688
A65N,-9.7747802734375
A65P,-79.73194122314453
A65Q,-62.70637512207031
A65R,36.929893493652344
A65S,-63.09642791748047
A65T,-42.89569854736328
A65V,-88.16699981689453
A65W,-5.0262451171875
A65Y,-48.86493682861328
L66A,-17.663002014160156
L66C,-162.18814849853516
L66D,89.64710235595703
L66E,44.181060791015625
L66F,39.10655975341797
L66G,3.8631439208984375
L66H,-13.201522827148438
L66I,-74.54757690429688
L66K,-45.343017578125
L66M,4.0683746337890625
L66N,29.210662841796875
L66P,20.027732849121094
L66Q,29.044723510742188
L66R,-1.35345458984375
L66S,-25.633811950683594
L66T,11.606025695800781
L66V,-31.70757293701172
L66W,34.110069274902344
L66Y,-3.1763076782226562
A67C,-391.3684844970703
A67D,-116.46099090576172
A67E,-14.856338500976562
A67F,-243.69583129882812
A67G,9.340858459472656
A67H,-99.9185562133789
A67I,-121.39911651611328
A67K,-37.48359680175781
A67L,-83.63094329833984
A67M,-53.09581756591797
A67N,-119.33917999267578
A67P,10.208892822265625
A67Q,-136.23523712158203
A67R,45.878028869628906
A67S,-166.75395965576172
A67T,-54.295921325683594
A67V,-94.4244384765625
A67W,-68.02177429199219
A67Y,-165.28606414794922
T68A,54.435157775878906
T68C,-197.17426300048828
T68D,0.3009796142578125
T68E,-20.26824951171875
T68F,-68.81637573242188
T68G,25.02765655517578
T68H,-36.405181884765625
T68I,-41.13311767578125
T68K,23.812294006347656
T68L,31.029510498046875
T68M,-51.775360107421875
T68N,-45.91255187988281
T68P,-32.81974792480469
T68Q,-37.810707092285156
T68R,22.854232788085938
T68S,21.227264404296875
T68V,-100.51708221435547
T68W,-74.39517974853516
T68Y,-93.97201538085938
N69A,-122.40123748779297
N69C,-189.0369415283203
N69D,-147.3827362060547
N69E,-130.2265167236328
N69F,-72.85003662109375
N69G,-44.99168395996094
N69H,4.3079376220703125
N69I,-118.03302764892578
N69K,-65.81077575683594
N69L,-47.66101837158203
N69M,-166.5241241455078
N69P,-82.71923065185547
N69Q,-75.07305145263672
N69R,-2.0477294921875
N69S,-134.0707778930664
N69T,-76.95426940917969
N69V,-66.29161834716797
N69W,-108.77532958984375
N69Y,-67.987060546875
F70A,154.64706420898438
F70C,10.297203063964844
F70D,95.84484100341797
F70E,77.12326049804688
F70G,121.5921401977539
F70H,84.68036651611328
F70I,33.746910095214844
F70K,47.472381591796875
F70L,35.17131805419922
F70M,77.99243927001953
F70N,114.9026870727539
F70P,98.68888854980469
F70Q,63.64116668701172
F70R,83.72821807861328
F70S,41.042137145996094
F70T,87.15229034423828
F70V,72.9104995727539
F70W,108.68511199951172
F70Y,75.78372955322266
L71A,22.5982666015625
L71C,-148.89812469482422
L71D,29.811859130859375
L71E,-133.62903594970703
L71F,-16.417503356933594
L71G,-76.5493392944336
L71H,8.569526672363281
L71I,-59.27772521972656
L71K,-17.6849365234375
L71M,-8.122062683105469
L71N,55.486488342285156
L71P,97.42450714111328
L71Q,-20.60546875
L71R,39.26105499267578
L71S,-15.577125549316406
L71T,-149.3581771850586
L71V,-41.539955139160156
L71W,-30.59825897216797
L71Y,-52.74543762207031
P72A,68.73283386230469
P72C,-57.81688690185547
P72D,18.95294189453125
P72E,50.21858215332031
P72F,-25.441360473632812
P72G,47.96772003173828
P72H,12.265968322753906
P72I,-123.62480163574219
P72K,105.08193969726562
P72L,-68.19438934326172
P72M,-48.32954406738281
P72N,60.574913024902344
P72Q,16.96453094482422
P72R,89.49565887451172
P72S,86.56463623046875
P72T,-33.710289001464844
P72V,-19.362449645996094
P72W,-13.203239440917969
P72Y,-10.936164855957031
R73A,-34.41123962402344
R73C,-241.75949096679688
R73D,-38.66767883300781
R73E,-28.758811950683594
R73F,-74.47032928466797
R73G,-104.4698715209961
R73H,-95.89729309082031
R73I,-31.39972686767578
R73K,75.72650909423828
R73L,-73.53897094726562
R73M,-22.760963439941406
R73N,-112.28580474853516
R73P,-62.326622009277344
R73Q,-52.27069854736328
R73S,-33.73394012451172
R73T,-52.059364318847656
R73V,-15.559196472167969
R73W,-36.33441925048828
R73Y,-55.3009033203125
G74A,24.477005004882812
G74C,-154.5389175415039
G74D,-8.88824462890625
G74E,23.97480010986328
G74F,38.074493408203125
G74H,-24.402999877929688
G74I,55.168724060058594
G74K,38.066864013671875
G74L,77.82135009765625
G74M,36.138343811035156
G74N,-7.987213134765625
G74P,-60.90106964111328
G74Q,6.6619873046875
G74R,-5.37261962890625
G74S,-86.20471954345703
G74T,-6.550407409667969
G74V,111.81011199951172
G74W,3.810882568359375
G74Y,-35.07537841796875
T75A,28.358840942382812
T75C,-91.35589599609375
T75D,91.57047271728516
T75E,-9.706687927246094
T75F,-23.606300354003906
T75G,63.30413818359375
T75H,12.385749816894531
T75I,5.503654479980469
T75K,0.43582916259765625
T75L,-22.574424743652344
T75M,-18.417930603027344
T75N,48.13671112060547
T75P,-141.92333221435547
T75Q,-39.04228210449219
T75R,-16.28704071044922
T75S,21.37317657470703
T75V,-21.581077575683594
T75W,-3.0725479125976562
T75Y,-3.8312911987304688
S76A,-29.36534881591797
S76C,-90.92369079589844
S76D,-16.530227661132812
S76E,-13.134765625
S76F,18.183326721191406
S76G,-25.150108337402344
S76H,20.45612335205078
S76I,24.956321716308594
S76K,35.08777618408203
S76L,-17.712974548339844
S76M,-35.355186462402344
S76N,-5.844879150390625
S76P,-21.912193298339844
S76Q,42.03815460205078
S76R,68.66893768310547
S76T,-19.504356384277344
S76V,30.504989624023438
S76W,14.692306518554688
S76Y,6.358909606933594
Q77A,-13.695144653320312
Q77C,-105.70011138916016
Q77D,59.60540771484375
Q77E,-16.45984649658203
Q77F,-86.74449920654297
Q77G,7.315635681152344
Q77H,12.151527404785156
Q77I,-1.3742446899414062
Q77K,42.326927185058594
Q77L,24.398040771484375
Q77M,-44.14348602294922
Q77N,33.47129821777344
Q77P,-110.03799438476562
Q77R,19.34986114501953
Q77S,-133.04462432861328
Q77T,-24.02324676513672
Q77V,-71.54159545898438
Q77W,-39.687538146972656
Q77Y,-48.766136169433594
A78C,-119.53487396240234
A78D,39.16015625
A78E,116.10374450683594
A78F,-65.95611572265625
A78G,11.267662048339844
A78H,-32.65037536621094
A78I,-35.930633544921875
A78K,8.951568603515625
A78L,-0.844573974609375
A78M,6.859016418457031
A78N,-194.72923278808594
A78P,-115.50273895263672
A78Q,35.00480651855469
A78R,-7.787513732910156
A78S,-29.834938049316406
A78T,-20.73383331298828
A78V,5.9528350830078125
A78W,-19.348526000976562
A78Y,-27.10552215576172
N79A,2.1883010864257812
N79C,-45.439720153808594
N79D,-22.852706909179688
N79E,-26.799583435058594
N79F,-22.97039031982422
N79G,69.88353729248047
N79H,29.42676544189453
N79I,-9.19342041015625
N79K,8.333778381347656
N79L,-31.441879272460938
N79M,-13.348197937011719
N79P,-45.33710479736328
N79Q,16.22791290283203
N79R,19.228363037109375
N79S,8.475685119628906
N79T,38.57746124267578
N79V,15.999412536621094
N79W,10.804557800292969
N79Y,-47.41687774658203
I80A,-15.627288818359375
I80C,-50.827980041503906
I80D,-63.388633728027344
I80E,-66.98646545410156
I80F,-14.473724365234375
I80G,-36.30867004394531
I80H,-16.3726806640625
I80K,-9.265708923339844
I80L,-5.195426940917969
I80M,-12.57476806640625
I80N,-38.22669982910156
I80P,-26.07746124267578
I80Q,-38.84468078613281
I80R,-9.251785278320312
I80S,-36.255455017089844
I80T,-21.877479553222656
I80V,3.3435821533203125
I80W,-8.851051330566406
I80Y,-4.535484313964844
D81A,-5.251884460449219
D81C,-11.825752258300781
D81E,-0.33931732177734375
D81F,3.6096572875976562
D81G,-3.2423019409179688
D81H,6.722068786621094
D81I,17.643165588378906
D81K,24.030685424804688
D81L,19.016075134277344
D81M,-1.2104034423828125
D81N,0.48732757568359375
D81P,-37.14714050292969
D81Q,3.6069869995117188
D81R,22.592735290527344
D81S,-13.933372497558594
D81T,6.328392028808594
D81V,13.328170776367188
D81W,9.607124328613281
D81Y,7.480812072753906
E82A,-29.340171813964844
E82C,-69.88601684570312
E82D,-3.25927734375
E82F,-85.87226867675781
E82G,-36.551475524902344
E82H,18.781471252441406
E82I,-143.7582015991211
E82K,-22.171592712402344
E82L,-189.96810913085938
E82M,-135.05611419677734
E82N,-1.5560150146484375
E82P,-21.348953247070312
E82Q,-12.700653076171875
E82R,-6.576347351074219
E82S,-48.276519775390625
E82T,-20.902442932128906
E82V,-88.05313110351562
E82W,16.64600372314453
E82Y,45.01018524169922
G83A,56.13842010498047
G83C,0.41790008544921875
G83D,-33.06732177734375
G83E,-53.682518005371094
G83F,-7.379913330078125
G83H,-15.586280822753906
G83I,14.129638671875
G83K,-48.207855224609375
G83L,25.958824157714844
G83M,20.648193359375
G83N,-20.39775848388672
G83P,-7.916450500488281
G83Q,-44.07997131347656
G83R,-32.00874328613281
G83S,-7.496070861816406
G83T,15.383338928222656
G83V,20.85285186767578
G83W,7.729911804199219
G83Y,7.437705993652344
K84A,-15.12908935546875
K84C,-26.486968994140625
K84D,-84.814453125
K84E,-39.90020751953125
K84F,-42.94929504394531
K84G,-37.103843688964844
K84H,-19.239044189453125
K84I,-21.465301513671875
K84L,2.0599365234375
K84M,-32.58190155029297
K84N,-47.46131896972656
K84P,-57.88993835449219
K84Q,-27.08721160888672
K84R,-1.4801025390625
K84S,-33.931732177734375
K84T,-29.34894561767578
K84V,-27.984619140625
K84W,-27.030563354492188
K84Y,-21.875572204589844
R85A,-32.50446319580078
R85C,-60.13031005859375
R85D,-22.95074462890625
R85E,-36.298561096191406
R85F,-50.548362731933594
R85G,-42.843055725097656
R85H,-30.77220916748047
R85I,-67.17605590820312
R85K,-13.479232788085938
R85L,-42.514991760253906
R85M,-48.43273162841797
R85N,-37.139320373535156
R85P,-44.88697052001953
R85Q,-33.87432098388672
R85S,-51.23138427734375
R85T,-36.305809020996094
R85V,-56.23893737792969
R85W,-43.239402770996094
R85Y,-33.863258361816406
L86A,0.8626937866210938
L86C,-9.319305419921875
L86D,-31.75525665283203
L86E,-9.633827209472656
L86F,-30.379104614257812
L86G,6.888008117675781
L86H,-7.351493835449219
L86I,-14.302635192871094
L86K,16.84284210205078
L86M,-11.053276062011719
L86N,-26.267051696777344
L86P,-14.308929443359375
L86Q,12.237930297851562
L86R,29.599571228027344
L86S,-1.4606475830078125
L86T,2.6567459106445312
L86V,-8.092498779296875
L86W,3.4236907958984375
L86Y,-18.13793182373047
F87A,10.199546813964844
F87C,-35.02979278564453
F87D,-41.349220275878906
F87E,-70.48320770263672
F87G,-21.83971405029297
F87H,-16.39881134033203
F87I,-11.704254150390625
F87K,-45.61195373535156
F87L,13.271141052246094
F87M,22.69306182861328
F87N,-29.603958129882812
F87P,-14.589500427246094
F87Q,-53.09028625488281
F87R,-97.28145599365234
F87S,-34.018898010253906
F87T,-6.817436218261719
F87V,-13.075065612792969
F87W,14.878654479980469
F87Y,12.026786804199219
A88C,-34.104156494140625
A88D,-1.2334823608398438
A88E,1.3103485107421875
A88F,-36.287879943847656
A88G,-19.269371032714844
A88H,4.7191619873046875
A88I,-68.10626983642578
A88K,16.799354553222656
A88L,-44.47803497314453
A88M,-17.21630096435547
A88N,13.21868896484375
A88P,-27.5543212890625
A88Q,-8.7371826171875
A88R,39.000511169433594
A88S,-21.38347625732422
A88T,-12.380027770996094
A88V,-18.77155303955078
A88W,-16.643524169921875
A88Y,-15.810775756835938
L89A,19.539833068847656
L89C,-22.579383850097656
L89D,11.843109130859375
L89E,14.415931701660156
L89F,-25.49266815185547
L89G,18.4539794921875
L89H,39.434242248535156
L89I,-11.008644104003906
L89K,42.99182891845703
L89M,-4.851341247558594
L89N,33.84532928466797
L89P,-5.8231353759765625
L89Q,35.650062561035156
L89R,77.20260620117188
L89S,24.48406219482422
L89T,18.8751220703125
L89V,1.51214599609375
L89W,33.12797546386719
L89Y,7.924079895019531
A90C,-43.92719268798828
A90D,-22.650909423828125
A90E,-42.95158386230469
A90F,-43.73817443847656
A90G,-18.63994598388672
A90H,-31.551170349121094
A90I,-23.044776916503906
A90K,-20.623207092285156
A90L,-14.894676208496094
A90M,-10.386276245117188
A90N,-8.192634582519531
A90P,-5.711174011230469
A90Q,-27.884864807128906
A90R,-35.89210510253906
A90S,-45.82042694091797
A90T,-13.897323608398438
A90V,-19.161415100097656
A90W,-60.059356689453125
A90Y,-40.143585205078125
N91A,-4.542732238769531
N91C,-22.544479370117188
N91D,-3.191375732421875
N91E,-3.7744522094726562
N91F,-22.079086303710938
N91G,-8.226585388183594
N91H,10.953903198242188
N91I,-6.757545471191406
N91K,23.65741729736328
N91L,20.68023681640625
N91M,21.790504455566406
N91P,19.82860565185547
N91Q,7.567405700683594
N91R,17.94586181640625
N91S,-7.133293151855469
N91T,7.840728759765625
N91V,9.491539001464844
N91W,8.049964904785156
N91Y,-2.8631210327148438
Q92A,-28.396034240722656
Q92C,-54.176902770996094
Q92D,-2.1249771118164062
Q92E,-4.642486572265625
Q92F,-25.557899475097656
Q92G,-4.401397705078125
Q92H,9.465599060058594
Q92I,-13.645744323730469
Q92K,47.78327941894531
Q92L,-19.03553009033203
Q92M,-37.15953826904297
Q92N,-9.586524963378906
Q92P,-17.809295654296875
Q92R,37.5213623046875
Q92S,-28.166770935058594
Q92T,-25.904083251953125
Q92V,-21.731185913085938
Q92W,-8.016014099121094
Q92Y,-4.194831848144531
K93A,-52.52246856689453
K93C,-91.29257202148438
K93D,-50.189208984375
K93E,-60.890769958496094
K93F,-51.976966857910156
K93G,-70.95165252685547
K93H,3.5427093505859375
K93I,-49.44171905517578
K93L,-21.57573699951172
K93M,-51.76849365234375
K93N,-44.13185119628906
K93P,-92.50926971435547
K93Q,-31.626319885253906
K93R,22.13115692138672
K93S,-101.66187286376953
K93T,-45.96366882324219
K93V,-48.13385009765625
K93W,-30.323028564453125
K93Y,-23.725509643554688
C94A,-5.2215576171875
C94D,-38.056373596191406
C94E,3.9857864379882812
C94F,7.9925537109375
C94G,-90.97404479980469
C94H,3.888702392578125
C94I,11.942672729492188
C94K,-21.030807495117188
C94L,33.975791931152344
C94M,43.44921112060547
C94N,-74.16629791259766
C94P,-89.47162628173828
C94Q,-13.690567016601562
C94R,-9.254646301269531
C94S,-33.55674743652344
C94T,-0.8840560913085938
C94V,30.490875244140625
C94W,24.021148681640625
C94Y,3.34014892578125
P95A,-3.1036376953125
P95C,-46.58660888671875
P95D,-0.6120681762695312
P95E,-1.0467529296875
P95F,-20.914459228515625
P95G,-32.26356506347656
P95H,-13.332748413085938
P95I,9.090423583984375
P95K,6.360054016113281
P95L,8.756446838378906
P95M,-6.949424743652344
P95N,-17.302322387695312
P95Q,-2.2037506103515625
P95R,16.076087951660156
P95S,-11.287498474121094
P95T,7.631111145019531
P95V,18.3746337890625
P95W,-27.614974975585938
P95Y,-20.495223999023438
N96A,10.959815979003906
N96C,-56.40678405761719
N96D,20.720481872558594
N96E,16.39080047607422
N96F,-34.77783203125
N96G,9.693717956542969
N96H,21.543121337890625
N96I,-17.5140380859375
N96K,37.03765869140625
N96L,-9.603309631347656
N96M,-5.73883056640625
N96P,-3.1534194946289062
N96Q,7.525062561035156
N96R,36.65428161621094
N96S,-6.48193359375
N96T,9.2681884765625
N96V,-4.686927795410156
N96W,-20.870018005371094
N96Y,-3.6266326904296875
T97A,-7.110786437988281
T97C,-49.746131896972656
T97D,-12.011528015136719
T97E,-18.795013427734375
T97F,-43.05152893066406
T97G,-29.91771697998047
T97H,-12.100982666015625
T97I,-17.452621459960938
T97K,20.485305786132812
T97L,-10.437393188476562
T97M,-1.84326171875
T97N,-15.903663635253906
T97P,-3.7900924682617188
T97Q,-4.093360900878906
T97R,29.045677185058594
T97S,-21.96521759033203
T97V,-10.435295104980469
T97W,-27.619171142578125
T97Y,-14.204788208007812
P98A,-45.537567138671875
P98C,-72.59845733642578
P98D,-44.753265380859375
P98E,-36.299896240234375
P98F,-29.88719940185547
P98G,-86.25144958496094
P98H,-32.74040222167969
P98I,-15.584182739257812
P98K,-41.92085266113281
P98L,-2.9779434204101562
P98M,-24.183082580566406
P98N,-65.62271118164062
P98Q,-33.97541046142578
P98R,-29.141807556152344
P98S,-71.78401947021484
P98T,-41.530609130859375
P98V,-2.1383285522460938
P98W,-26.027870178222656
P98Y,-18.70136260986328
V99A,-42.733001708984375
V99C,-46.37126922607422
V99D,-12.979507446289062
V99E,-22.07050323486328
V99F,-35.76393127441406
V99G,-75.77629089355469
V99H,-25.037384033203125
V99I,-16.843223571777344
V99K,-31.451988220214844
V99L,-21.4691162109375
V99M,-21.750640869140625
V99N,-47.31407165527344
V99P,-20.940017700195312
V99Q,-27.411460876464844
V99R,0.17070770263671875
V99S,-52.81219482421875
V99T,-32.37133026123047
V99W,-26.92718505859375
V99Y,-27.00061798095703
V100A,-33.148765563964844
V100C,-42.223167419433594
V100D,7.228851318359375
V100E,3.556060791015625
V100F,-18.207168579101562
V100G,-27.393722534179688
V100H,-6.952476501464844
V100I,7.450294494628906
V100K,-5.2158355712890625
V100L,1.6683578491210938
V100M,2.5146484375
V100N,-10.079574584960938
V100P,-23.516273498535156
V100Q,-12.371063232421875
V100R,15.846824645996094
V100S,-35.297584533691406
V100T,-6.3152313232421875
V100W,-6.371879577636719
V100Y,10.196685791015625
A101C,-33.142662048339844
A101D,9.967231750488281
A101E,0.38547515869140625
A101F,11.364936828613281
A101G,-8.286094665527344
A101H,-1.535797119140625
A101I,-12.156867980957031
A101K,-17.36774444580078
A101L,-10.875892639160156
A101M,3.1036376953125
A101N,-23.29864501953125
A101P,30.549049377441406
A101Q,0.30002593994140625
A101R,4.886817932128906
A101S,-12.030220031738281
A101T,11.951828002929688
A101V,6.210899353027344
A101W,25.082969665527344
A101Y,25.930213928222656
G102A,-16.20159149169922
G102C,-58.727073669433594
G102D,14.609336853027344
G102E,17.82817840576172
G102F,-32.42931365966797
G102H,21.100807189941406
G102I,-34.69867706298828
G102K,11.838340759277344
G102L,-33.20159912109375
G102M,-26.914024353027344
G102N,15.91339111328125
G102P,8.220672607421875
G102Q,4.034614562988281
G102R,13.741683959960938
G102S,-11.339759826660156
G102T,14.315986633300781
G102V,-26.685714721679688
G102W,-16.77703857421875
G102Y,12.224197387695312
G103A,35.817527770996094
G103C,9.142875671386719
G103D,60.970306396484375
G103E,61.224937438964844
G103F,29.451560974121094
G103H,29.584121704101562
G103I,24.143600463867188
G103K,48.88572692871094
G103L,19.922828674316406
G103M,45.91503143310547
G103N,71.844482421875
G103P,72.24750518798828
G103Q,46.234703063964844
G103R,47.638702392578125
G103S,41.375160217285156
G103T,28.91674041748047
G103V,25.449752807617188
G103W,53.76758575439453
G103Y,39.17579650878906
Y104A,22.649002075195312
Y104C,-63.063812255859375
Y104D,48.435020446777344
Y104E,43.653297424316406
Y104F,-16.593170166015625
Y104G,44.777679443359375
Y104H,44.921875
Y104I,-7.110023498535156
Y104K,6.149482727050781
Y104L,-5.6598663330078125
Y104M,-4.018211364746094
Y104N,27.373313903808594
Y104P,49.332618713378906
Y104Q,50.66699981689453
Y104R,38.23890686035156
Y104S,25.024795532226562
Y104T,14.774894714355469
Y104V,13.56048583984375
Y104W,36.97090148925781
S105A,-1.8421173095703125
S105C,-32.69481658935547
S105D,84.08966064453125
S105E,70.20187377929688
S105F,26.581382751464844
S105G,49.62921142578125
S105H,30.59825897216797
S105I,14.25018310546875
S105K,23.244285583496094
S105L,16.808509826660156
S105M,5.2555084228515625
S105N,34.033775329589844
S105P,49.55005645751953
S105Q,25.196266174316406
S105R,49.89490509033203
S105T,-2.7532577514648438
S105V,5.0159454345703125
S105W,56.269073486328125
S105Y,21.619606018066406
Q106A,-8.194541931152344
Q106C,-47.347068786621094
Q106D,20.245742797851562
Q106E,18.15814971923828
Q106F,-20.0225830078125
Q106G,-6.528663635253906
Q106H,-8.895111083984375
Q106I,-30.644798278808594
Q106K,24.872207641601562
Q106L,1.0847091674804688
Q106M,-23.09131622314453
Q106N,-17.06714630126953
Q106P,1.4873504638671875
Q106R,36.87419891357422
Q106S,-22.06554412841797
Q106T,-26.375198364257812
Q106V,-24.956512451171875
Q106W,-46.02069854736328
Q106Y,9.563255310058594
G107A,36.321258544921875
G107C,5.280303955078125
G107D,79.80766296386719
G107E,47.99785614013672
G107F,39.05200958251953
G107H,38.175201416015625
G107I,44.35291290283203
G107K,17.807960510253906
G107L,51.65424346923828
G107M,43.450164794921875
G107N,58.02268981933594
G107P,86.49959564208984
G107Q,29.670143127441406
G107R,25.408172607421875
G107S,34.241676330566406
G107T,20.82691192626953
G107V,34.14268493652344
G107W,59.229278564453125
G107Y,16.37725830078125
A108C,-11.041450500488281
A108D,97.31426239013672
A108E,92.36717224121094
A108F,60.243797302246094
A108G,30.552291870117188
A108H,74.97596740722656
A108I,35.78968048095703
A108K,69.22607421875
A108L,58.526039123535156
A108M,45.611572265625
A108N,58.446311950683594
A108P,44.54669952392578
A108Q,72.7376937866211
A108R,73.71749877929688
A108S,26.86176300048828
A108T,40.65723419189453
A108V,27.609634399414062
A108W,67.55084991455078
A108Y,67.79060363769531
A109C,-28.14922332763672
A109D,14.222145080566406
A109E,32.31849670410156
A109F,43.78528594970703
A109G,16.454124450683594
A109H,4.407691955566406
A109I,25.667381286621094
A109K,42.87738800048828
A109L,53.53107452392578
A109M,32.651329040527344
A109N,9.450340270996094
A109P,20.128250122070312
A109Q,0.9735107421875
A109R,47.27764129638672
A109S,-5.1136016845703125
A109T,7.958984375
A109V,21.08917236328125
A109W,44.01512145996094
A109Y,45.74718475341797
L110A,-9.099388122558594
L110C,-4.683876037597656
L110D,58.69274139404297
L110E,44.10533905029297
L110F,-41.283416748046875
L110G,4.593467712402344
L110H,-32.27081298828125
L110I,-4.583549499511719
L110K,18.953704833984375
L110M,-2.0030975341796875
L110N,32.00416564941406
L110P,14.632797241210938
L110Q,3.5709381103515625
L110R,22.45044708251953
L110S,8.809089660644531
L110T,23.873519897460938
L110V,5.56182861328125
L110W,-6.9522857666015625
L110Y,-31.21814727783203
I111A,9.257316589355469
I111C,-18.774032592773438
I111D,12.623214721679688
I111E,19.897842407226562
I111F,-1.0778427124023438
I111G,6.491851806640625
I111H,8.513450622558594
I111K,21.509361267089844
I111L,8.870315551757812
I111M,5.330467224121094
I111N,1.7217636108398438
I111P,35.057640075683594
I111Q,21.679306030273438
I111R,32.32917785644531
I111S,25.953292846679688
I111T,19.304466247558594
I111V,-1.6923904418945312
I111W,16.598129272460938
I111Y,6.70013427734375
A112C,-36.86103820800781
A112D,-4.894065856933594
A112E,-5.550193786621094
A112F,-21.12865447998047
A112G,-14.361953735351562
A112H,-11.421585083007812
A112I,-4.369354248046875
A112K,2.8703689575195312
A112L,2.553558349609375
A112M,-5.492973327636719
A112N,-14.156913757324219
A112P,22.80902862548828
A112Q,-0.8874893188476562
A112R,23.312950134277344
A112S,-3.9766311645507812
A112T,0.41599273681640625
A112V,-0.20999908447265625
A112W,-5.0952911376953125
A112Y,-12.76092529296875
A113C,-31.611061096191406
A113D,1.5716552734375
A113E,11.375236511230469
A113F,-13.280105590820312
A113G,-21.616172790527344
A113H,0.6582260131835938
A113I,-8.069992065429688
A113K,20.39794921875
A113L,3.9318084716796875
A113M,-0.7062911987304688
A113N,-9.248542785644531
A113P,-3.41644287109375
A113Q,7.748985290527344
A113R,15.435981750488281
A113S,-0.50048828125
A113T,11.937141418457031
A113V,1.8777847290039062
A113W,11.983680725097656
A113Y,-7.3970794677734375
A114C,-15.823173522949219
A114D,-48.97136688232422
A114E,-36.5875244140625
A114F,-7.460784912109375
A114G,-4.894828796386719
A114H,-22.6806640625
A114I,16.461181640625
A114K,-7.182121276855469
A114L,27.905654907226562
A114M,9.997177124023438
A114N,-44.9127197265625
A114P,11.348724365234375
A114Q,-24.40643310546875
A114R,1.4665603637695312
A114S,-8.083724975585938
A114T,6.030082702636719
A114V,16.234397888183594
A114W,20.2117919921875
A114Y,-1.9727706909179688
V115A,1.2063980102539062
V115C,-25.17986297607422
V115D,30.599403381347656
V115E,37.71839141845703
V115F,-0.695037841796875
V115G,-1.0898590087890625
V115H,28.879165649414062
V115I,-1.0837554931640625
V115K,44.34471130371094
V115L,18.889427185058594
V115M,16.907119750976562
V115N,28.10382843017578
V115P,45.14808654785156
V115Q,39.663124084472656
V115R,56.69441223144531
V115S,15.36865234375
V115T,21.994972229003906
V115W,15.956687927246094
V115Y,11.668968200683594
S116A,2.8163909912109375
S116C,-21.21124267578125
S116D,8.8623046875
S116E,-1.1480331420898438
S116F,-4.0615081787109375
S116G,-7.073974609375
S116H,10.373878479003906
S116I,5.2570343017578125
S116K,18.831253051757812
S116L,5.714225769042969
S116M,1.8527984619140625
S116N,5.30853271484375
S116P,5.702972412109375
S116Q,2.2142410278320312
S116R,27.6275634765625
S116T,16.792678833007812
S116V,4.19158935546875
S116W,13.413429260253906
S116Y,8.156013488769531
E117A,0.0484466552734375
E117C,-20.767784118652344
E117D,10.152626037597656
E117F,-9.491920471191406
E117G,19.645309448242188
E117H,10.570526123046875
E117I,-16.05052947998047
E117K,9.916114807128906
E117L,-6.989097595214844
E117M,-3.8665771484375
E117N,6.666755676269531
E117P,14.204788208007812
E117Q,-1.9681930541992188
E117R,4.426383972167969
E117S,-3.8412094116210938
E117T,2.10418701171875
E117V,-4.405403137207031
E117W,17.284011840820312
E117Y,9.197807312011719
L118A,-17.366981506347656
L118C,-12.553977966308594
L118D,-0.9057998657226562
L118E,-9.3505859375
L118F,0.8144378662109375
L118G,3.0675888061523438
L118H,10.553359985351562
L118I,-17.844009399414062
L118K,-4.1950225830078125
L118M,-9.109306335449219
L118N,-8.066177368164062
L118P,17.523574829101562
L118Q,-0.8935928344726562
L118R,11.804962158203125
L118S,-8.700180053710938
L118T,-7.966041564941406
L118V,-9.828758239746094
L118W,15.97137451171875
L118Y,10.545730590820312
S119A,-0.8523941040039062
S119C,-35.703277587890625
S119D,9.157752990722656
S119E,-4.6871185302734375
S119F,-16.939735412597656
S119G,8.29620361328125
S119H,16.933822631835938
S119I,-2.7757644653320312
S119K,35.71643829345703
S119L,-5.0609588623046875
S119M,-5.064582824707031
S119N,3.5856246948242188
S119P,35.144996643066406
S119Q,3.5747528076171875
S119R,34.252357482910156
S119T,6.887054443359375
S119V,1.3811111450195312
S119W,-0.21114349365234375
S119Y,6.4319610595703125
G120A,4.077720642089844
G120C,-20.024681091308594
G120D,12.859725952148438
G120E,-2.1089553833007812
G120F,1.3612747192382812
G120H,15.533256530761719
G120I,8.36029052734375
G120K,15.248870849609375
G120L,7.419776916503906
G120M,0.6372451782226562
G120N,-4.157447814941406
G120P,19.181060791015625
G120Q,0.8024215698242188
G120R,24.544334411621094
G120S,0.28858184814453125
G120T,9.397315979003906
G120V,16.6748046875
G120W,6.1313629150390625
G120Y,19.121551513671875
A121C,-32.45735168457031
A121D,15.639686584472656
A121E,8.812141418457031
A121F,-6.66351318359375
A121G,-0.9740829467773438
A121H,10.174179077148438
A121I,-8.956718444824219
A121K,21.710777282714844
A121L,0.17681121826171875
A121M,-8.668136596679688
A121N,-5.981254577636719
A121P,21.266555786132812
A121Q,2.4456024169921875
A121R,23.198890686035156
A121S,1.8375396728515625
A121T,10.792350769042969
A121V,4.242134094238281
A121W,19.45514678955078
A121Y,16.096115112304688
V122A,3.5036087036132812
V122C,-31.68964385986328
V122D,16.960525512695312
V122E,11.157798767089844
V122F,-6.562232971191406
V122G,-2.219390869140625
V122H,3.751373291015625
V122I,-8.001708984375
V122K,16.480255126953125
V122L,5.4737091064453125
V122M,0.40493011474609375
V122N,1.4652252197265625
V122P,20.087242126464844
V122Q,14.929389953613281
V122R,25.21076202392578
V122S,0.7617950439453125
V122T,8.724784851074219
V122W,15.343666076660156
V122Y,8.749961853027344
K123A,2.674102783203125
K123C,-40.96698760986328
K123D,18.53771209716797
K123E,-8.123397827148438
K123F,-7.05108642578125
K123G,-2.6044845581054688
K123H,9.327507019042969
K123I,4.527091979980469
K123L,-1.8075942993164062
K123M,-4.289054870605469
K123N,-1.5108108520507812
K123P,21.529388427734375
K123Q,-5.253410339355469
K123R,19.105911254882812
K123S,1.6773223876953125
K123T,9.856033325195312
K123V,5.034065246582031
K123W,12.950515747070312
K123Y,12.809944152832031
E124A,5.589866638183594
E124C,-51.29966735839844
E124D,9.314918518066406
E124F,-17.082786560058594
E124G,3.3588409423828125
E124H,4.888725280761719
E124I,-14.909934997558594
E124K,16.129493713378906
E124L,-3.2571792602539062
E124M,-13.178062438964844
E124N,-9.262275695800781
E124P,13.78326416015625
E124Q,6.063652038574219
E124R,24.519729614257812
E124S,-9.352302551269531
E124T,0.8073806762695312
E124V,0.6505966186523438
E124W,7.979393005371094
E124Y,7.771873474121094
Q125A,-17.753028869628906
Q125C,-48.54469299316406
Q125D,8.938980102539062
Q125E,-4.191017150878906
Q125F,-7.573509216308594
Q125G,-29.97760772705078
Q125H,0.17604827880859375
Q125I,-14.008712768554688
Q125K,-8.051872253417969
Q125L,-1.236724853515625
Q125M,-10.589599609375
Q125N,-13.696098327636719
Q125P,12.501335144042969
Q125R,4.467582702636719
Q125S,-14.212608337402344
Q125T,-10.281944274902344
Q125V,-7.781410217285156
Q125W,4.806709289550781
Q125Y,7.575798034667969
V126A,7.3734283447265625
V126C,-36.022377014160156
V126D,29.463768005371094
V126E,18.80168914794922
V126F,11.351394653320312
V126G,11.992835998535156
V126H,24.774169921875
V126I,-5.053520202636719
V126K,14.275741577148438
V126L,13.103675842285156
V126M,-3.3338546752929688
V126N,8.968734741210938
V126P,38.4765625
V126Q,24.143409729003906
V126R,34.49726104736328
V126S,8.446693420410156
V126T,1.6574859619140625
V126W,22.45502471923828
V126Y,27.901840209960938
K127A,3.6930084228515625
K127C,-56.52618408203125
K127D,14.470100402832031
K127E,2.0425796508789062
K127F,-20.91350555419922
K127G,-3.8305282592773438
K127H,-4.098701477050781
K127I,-5.096435546875
K127L,-4.551887512207031
K127M,-7.1628570556640625
K127N,1.4669418334960938
K127P,15.844535827636719
K127Q,-5.100822448730469
K127R,3.0361175537109375
K127S,-2.7910232543945312
K127T,7.796478271484375
K127V,3.3388137817382812
K127W,-15.314865112304688
K127Y,-6.6028594970703125
G128A,11.07177734375
G128C,-39.97669219970703
G128D,16.705894470214844
G128E,10.306549072265625
G128F,-8.48846435546875
G128H,4.2652130126953125
G128I,-9.559059143066406
G128K,-6.435203552246094
G128L,1.8861770629882812
G128M,-7.411384582519531
G128N,-8.285331726074219
G128P,39.090919494628906
G128Q,7.517051696777344
G128R,9.479522705078125
G128S,0.13332366943359375
G128T,6.538963317871094
G128V,5.258750915527344
G128W,0.647735595703125
G128Y,-2.5915145874023438
V129A,0.03757476806640625
V129C,-20.752716064453125
V129D,32.947540283203125
V129E,32.788848876953125
V129F,-2.7776718139648438
V129G,8.349609375
V129H,11.968421936035156
V129I,-9.317970275878906
V129K,20.54462432861328
V129L,2.4850845336914062
V129M,-8.913040161132812
V129N,18.149757385253906
V129P,21.354103088378906
V129Q,12.689208984375
V129R,32.30171203613281
V129S,10.405921936035156
V129T,4.9495697021484375
V129W,-0.8356094360351562
V129Y,6.723976135253906
A130C,-49.29847717285156
A130D,9.336280822753906
A130E,10.777473449707031
A130F,-24.02019500732422
A130G,-2.8646469116210938
A130H,-16.403770446777344
A130I,-17.295265197753906
A130K,-1.7759323120117188
A130L,-7.058525085449219
A130M,-9.088897705078125
A130N,-6.489372253417969
A130P,13.446998596191406
A130Q,0.812530517578125
A130R,18.836212158203125
A130S,-10.953521728515625
A130T,-3.539276123046875
A130V,-5.944252014160156
A130W,1.129150390625
A130Y,-2.3447036743164062
L131A,-1.1838912963867188
L131C,-48.578643798828125
L131D,-9.082221984863281
L131E,-6.738090515136719
L131F,-11.175727844238281
L131G,-6.245994567871094
L131H,-30.677223205566406
L131I,-1.2182235717773438
L131K,-10.404777526855469
L131M,-12.363624572753906
L131N,-25.017547607421875
L131P,13.568878173828125
L131Q,-15.654563903808594
L131R,7.068443298339844
L131S,-23.09398651123047
L131T,-4.60662841796875
L131V,12.158775329589844
L131W,-18.865394592285156
L131Y,-23.19507598876953
F132A,14.069747924804688
F132C,-31.76136016845703
F132D,3.301239013671875
F132E,9.204673767089844
F132G,9.22393798828125
F132H,2.5836944580078125
F132I,18.222618103027344
F132K,28.75041961669922
F132L,21.07067108154297
F132M,13.212966918945312
F132N,6.074333190917969
F132P,38.84544372558594
F132Q,10.119056701660156
F132R,35.21404266357422
F132S,2.620697021484375
F132T,10.2294921875
F132V,19.619178771972656
F132W,0.5399703979492188
F132Y,11.911773681640625
G133A,-8.334541320800781
G133C,-42.109107971191406
G133D,-31.060791015625
G133E,-38.877296447753906
G133F,-26.002883911132812
G133H,-33.94660949707031
G133I,-23.820877075195312
G133K,-16.506576538085938
G133L,-16.71466827392578
G133M,-26.044273376464844
G133N,-28.977584838867188
G133P,-14.081573486328125
G133Q,-29.295921325683594
G133R,-2.12860107421875
G133S,-17.557144165039062
G133T,-12.027931213378906
G133V,-16.355514526367188
G133W,-29.00238037109375
G133Y,-39.19849395751953
Y134A,13.110160827636719
Y134C,-31.197166442871094
Y134D,15.367317199707031
Y134E,-1.0494232177734375
Y134F,3.7021636962890625
Y134G,17.89226531982422
Y134H,5.1342010498046875
Y134I,-3.029632568359375
Y134K,10.692787170410156
Y134L,7.7972412109375
Y134M,-1.0478973388671875
Y134N,10.580062866210938
Y134P,25.783729553222656
Y134Q,1.9262313842773438
Y134R,16.729354858398438
Y134S,11.656761169433594
Y134T,17.577362060546875
Y134V,7.146644592285156
Y134W,6.220817565917969
T135A,9.219932556152344
T135C,-39.791297912597656
T135D,13.440132141113281
T135E,6.332969665527344
T135F,-12.345695495605469
T135G,24.6063232421875
T135H,-5.29022216796875
T135I,-9.558868408203125
T135K,5.217552185058594
T135L,5.867767333984375
T135M,-7.273674011230469
T135N,-2.972412109375
T135P,29.25891876220703
T135Q,0.9107589721679688
T135R,20.36762237548828
T135S,-1.4730453491210938
T135V,-5.524635314941406
T135W,11.982154846191406
T135Y,-5.454254150390625
Q136A,11.02752685546875
Q136C,-49.79743957519531
Q136D,22.258377075195312
Q136E,12.669944763183594
Q136F,-16.16363525390625
Q136G,21.953392028808594
Q136H,6.016349792480469
Q136I,-2.22625732421875
Q136K,7.172203063964844
Q136L,2.8497695922851562
Q136M,-5.398368835449219
Q136N,12.128448486328125
Q136P,12.478446960449219
Q136R,10.383033752441406
Q136S,6.401634216308594
Q136T,15.847969055175781
Q136V,5.315208435058594
Q136W,-12.798690795898438
Q136Y,-10.281944274902344
N137A,3.27911376953125
N137C,-56.37836456298828
N137D,4.55474853515625
N137E,6.6234588623046875
N137F,-2.9489517211914062
N137G,2.0692825317382812
N137H,6.937217712402344
N137I,3.12042236328125
N137K,15.402793884277344
N137L,13.346672058105469
N137M,0.6647109985351562
N137P,8.989524841308594
N137Q,5.8269500732421875
N137R,25.144004821777344
N137S,-2.0854949951171875
N137T,8.856964111328125
N137V,9.739494323730469
N137W,14.956092834472656
N137Y,4.6649932861328125
L138A,-7.835960388183594
L138C,-72.73921966552734
L138D,4.6535491943359375
L138E,-3.1232833862304688
L138F,-3.9659500122070312
L138G,-1.9952774047851562
L138H,-1.3912200927734375
L138I,-9.876632690429688
L138K,-2.0174026489257812
L138M,-17.159271240234375
L138N,-7.844352722167969
L138P,-4.1957855224609375
L138Q,-8.84857177734375
L138R,11.855506896972656
L138S,-13.505744934082031
L138T,-10.153388977050781
L138V,-9.733772277832031
L138W,18.032073974609375
L138Y,4.318428039550781
Q139A,0.7610321044921875
Q139C,-62.037086486816406
Q139D,11.269950866699219
Q139E,6.637382507324219
Q139F,4.378700256347656
Q139G,3.9117813110351562
Q139H,11.142921447753906
Q139I,13.94500732421875
Q139K,18.326759338378906
Q139L,18.25389862060547
Q139M,-0.06561279296875
Q139N,5.7525634765625
Q139P,4.9617767333984375
Q139R,24.57141876220703
Q139S,-0.5006790161132812
Q139T,8.1451416015625
Q139V,10.34698486328125
Q139W,9.182357788085938
Q139Y,4.9434661865234375
N140A,7.787132263183594
N140C,-57.457733154296875
N140D,8.411598205566406
N140E,9.911346435546875
N140F,6.753730773925781
N140G,6.277656555175781
N140H,7.20977783203125
N140I,14.867973327636719
N140K,18.25542449951172
N140L,23.427772521972656
N140M,-3.2381057739257812
N140P,4.39300537109375
N140Q,4.906463623046875
N140R,24.951171875
N140S,0.7490158081054688
N140T,7.142829895019531
N140V,19.179725646972656
N140W,24.61566925048828
N140Y,12.331962585449219
R141A,-7.344245910644531
R141C,-74.34940338134766
R141D,-7.850074768066406
R141E,-11.020851135253906
R141F,-1.9773483276367188
R141G,-14.266395568847656
R141H,-4.262733459472656
R141I,3.9539337158203125
R141K,-6.735992431640625
R141L,11.003303527832031
R141M,-18.46771240234375
R141N,-16.634178161621094
R141P,-6.262397766113281
R141Q,-16.917037963867188
R141S,-13.444328308105469
R141T,-6.823158264160156
R141V,4.999351501464844
R141W,10.351371765136719
R141Y,1.08795166015625
G142A,10.269355773925781
G142C,-45.693016052246094
G142D,25.746726989746094
G142E,17.53387451171875
G142F,20.70159912109375
G142H,25.836753845214844
G142I,16.766738891601562
G142K,26.014328002929688
G142L,26.493263244628906
G142M,1.0145187377929688
G142N,10.284233093261719
G142P,18.365859985351562
G142Q,11.810874938964844
G142R,34.386444091796875
G142S,9.420013427734375
G142T,8.023262023925781
G142V,17.656326293945312
G142W,32.647132873535156
G142Y,32.74497985839844
G143A,-0.21724700927734375
G143C,-42.913246154785156
G143D,14.251518249511719
G143E,9.534263610839844
G143F,3.7668228149414062
G143H,3.43475341796875
G143I,-0.1262664794921875
G143K,6.98394775390625
G143L,13.642692565917969
G143M,-1.9018173217773438
G143N,-2.8394699096679688
G143P,0.156402587890625
G143Q,0.7303237915039062
G143R,18.05877685546875
G143S,-5.780029296875
G143T,0.8028030395507812
G143V,6.972312927246094
G143W,20.983505249023438
G143Y,13.426589965820312
I144A,3.4555435180664062
I144C,-35.54058074951172
I144D,13.683509826660156
I144E,11.808967590332031
I144F,1.67083740234375
I144G,-7.011985778808594
I144H,12.91046142578125
I144K,27.399253845214844
I144L,23.028945922851562
I144M,11.792182922363281
I144N,3.7036895751953125
I144P,-5.623626708984375
I144Q,5.6507110595703125
I144R,23.265647888183594
I144S,-0.7017135620117188
I144T,5.4229736328125
I144V,9.383201599121094
I144W,41.69445037841797
I144Y,20.18566131591797
P145A,11.295890808105469
P145C,-39.583396911621094
P145D,19.75574493408203
P145E,6.897926330566406
P145F,-1.7375946044921875
P145G,6.683349609375
P145H,2.210235595703125
P145I,5.752754211425781
P145K,17.217445373535156
P145L,5.7239532470703125
P145M,-2.9844284057617188
P145N,3.9911270141601562
P145Q,-7.2254180908203125
P145R,18.18866729736328
P145S,-3.0225753784179688
P145T,6.3953399658203125
P145V,8.694076538085938
P145W,16.158485412597656
P145Y,3.1383514404296875
N146A,9.25750732421875
N146C,-52.31456756591797
N146D,24.810028076171875
N146E,7.366180419921875
N146F,-4.9304962158203125
N146G,13.341140747070312
N146H,18.519210815429688
N146I,3.6224365234375
N146K,14.118003845214844
N146L,6.711769104003906
N146M,-10.33172607421875
N146P,4.56695556640625
N146Q,0.5207061767578125
N146R,20.318603515625
N146S,-0.8144378662109375
N146T,9.456253051757812
N146V,11.109733581542969
N146W,2.8379440307617188
N146Y,6.450653076171875
Y147A,-6.902885437011719
Y147C,-54.454612731933594
Y147D,0.8485794067382812
Y147E,-7.581520080566406
Y147F,-7.3329925537109375
Y147G,-11.279678344726562
Y147H,-3.1581878662109375
Y147I,-2.7566909790039062
Y147K,-6.942176818847656
Y147L,10.665702819824219
Y147M,-1.0889053344726562
Y147N,-1.3498306274414062
Y147P,-18.007469177246094
Y147Q,-7.2376251220703125
Y147R,4.500007629394531
Y147S,-10.46600341796875
Y147T,3.7593841552734375
Y147V,-1.8602371215820312
Y147W,10.935401916503906
P148A,0.3406524658203125
P148C,-46.61979675292969
P148D,3.3458709716796875
P148E,-5.0136566162109375
P148F,-3.9333343505859375
P148G,-5.384254455566406
P148H,0.170135498046875
P148I,-1.873779296875
P148K,-2.4017333984375
P148L,7.054328918457031
P148M,0.23517608642578125
P148N,-1.6262054443359375
P148Q,-1.567840576171875
P148R,13.986396789550781
P148S,-3.5898208618164062
P148T,0.7455825805664062
P148V,5.815315246582031
P148W,15.340805053710938
P148Y,9.696769714355469
R149A,6.694793701171875
R149C,-47.42317199707031
R149D,11.906242370605469
R149E,1.7543792724609375
R149F,-16.56665802001953
R149G,2.9422760009765625
R149H,-0.37250518798828125
R149I,-1.676177978515625
R149K,-1.9796371459960938
R149L,-0.5283355712890625
R149M,-7.956695556640625
R149N,-1.0494232177734375
R149P,-4.493904113769531
R149Q,-6.082344055175781
R149S,-5.084800720214844
R149T,4.479026794433594
R149V,8.950233459472656
R149W,-7.933235168457031
R149Y,-1.4986038208007812
E150A,3.4387588500976562
E150C,-54.64000701904297
E150D,6.846427917480469
E150F,-8.428382873535156
E150G,-1.9319534301757812
E150H,18.50433349609375
E150I,-3.1129837036132812
E150K,9.177017211914062
E150L,6.548309326171875
E150M,-1.2155532836914062
E150N,-0.66070556640625
E150P,-0.11119842529296875
E150Q,5.0567626953125
E150R,12.449836730957031
E150S,-2.7246475219726562
E150T,3.3159255981445312
E150V,10.785484313964844
E150W,11.42120361328125
E150Y,11.512947082519531
R151A,-9.061241149902344
R151C,-52.80170440673828
R151D,-9.138107299804688
R151E,-18.265151977539062
R151F,-16.614341735839844
R151G,-13.908767700195312
R151H,2.7158737182617188
R151I,-17.114639282226562
R151K,-6.482124328613281
R151L,-5.210304260253906
R151M,-12.468910217285156
R151N,-13.647079467773438
R151P,0.06313323974609375
R151Q,-1.8827438354492188
R151S,-12.019538879394531
R151T,-6.401252746582031
R151V,-9.4512939453125
R151W,0.968170166015625
R151Y,-4.683494567871094
T152A,12.677001953125
T152C,-38.24176788330078
T152D,3.02734375
T152E,-0.7425308227539062
T152F,16.16497039794922
T152G,5.159187316894531
T152H,7.1323394775390625
T152I,10.49041748046875
T152K,14.136695861816406
T152L,16.717529296875
T152M,9.85870361328125
T152N,-3.2770156860351562
T152P,-1.105499267578125
T152Q,2.813720703125
T152R,13.134193420410156
T152S,-8.833885192871094
T152V,13.402748107910156
T152W,32.940673828125
T152Y,18.19477081298828
K153A,-1.0515213012695312
K153C,-77.01702117919922
K153D,-4.912376403808594
K153E,-3.5434722900390625
K153F,-22.3480224609375
K153G,-11.248970031738281
K153H,-3.173828125
K153I,-18.616867065429688
K153L,-9.6954345703125
K153M,-14.014816284179688
K153N,-12.917137145996094
K153P,-7.928466796875
K153Q,-3.9072036743164062
K153R,4.284477233886719
K153S,-12.940216064453125
K153T,-0.879669189453125
K153V,-8.160209655761719
K153W,-6.266975402832031
K153Y,1.8651962280273438
V154A,0.61798095703125
V154C,-54.24938201904297
V154D,-4.4891357421875
V154E,-5.200767517089844
V154F,-0.00286102294921875
V154G,-9.967994689941406
V154H,1.9641876220703125
V154I,2.849578857421875
V154K,10.310554504394531
V154L,5.9871673583984375
V154M,-9.222221374511719
V154N,-2.3015975952148438
V154P,-6.124687194824219
V154Q,5.1219940185546875
V154R,22.600364685058594
V154S,-2.022552490234375
V154T,6.058311462402344
V154W,16.91722869873047
V154Y,2.7631759643554688
F155A,-7.0224761962890625
F155C,-58.721351623535156
F155D,-9.377288818359375
F155E,-13.3544921875
F155G,-7.8655242919921875
F155H,-1.9502639770507812
F155I,-2.6981353759765625
F155K,-10.405158996582031
F155L,1.5760421752929688
F155M,-10.29205322265625
F155N,-7.869529724121094
F155P,-11.878013610839844
F155Q,-11.564826965332031
F155R,8.885002136230469
F155S,-8.355522155761719
F155T,-1.82037353515625
F155V,-2.0547866821289062
F155W,9.51080322265625
F155Y,14.552879333496094
C156A,8.111763000488281
C156D,5.838775634765625
C156E,2.5989532470703125
C156F,-4.159736633300781
C156G,5.0445556640625
C156H,10.208320617675781
C156I,-3.5221099853515625
C156K,0.39424896240234375
C156L,3.2451629638671875
C156M,6.817626953125
C156N,-0.7358551025390625
C156P,-2.1566390991210938
C156Q,6.138801574707031
C156R,14.981460571289062
C156S,1.2441635131835938
C156T,1.830291748046875
C156V,7.419586181640625
C156W,12.545394897460938
C156Y,3.985595703125
N157A,1.958465576171875
N157C,-27.109146118164062
N157D,13.952064514160156
N157E,10.988235473632812
N157F,-15.176963806152344
N157G,-1.7721176147460938
N157H,6.94427490234375
N157I,-14.669418334960938
N157K,0.7585525512695312
N157L,-6.5143585205078125
N157M,-8.693695068359375
N157P,2.9500961303710938
N157Q,5.6301116943359375
N157R,11.16180419921875
N157S,6.252861022949219
N157T,0.8991241455078125
N157V,-9.494400024414062
N157W,-0.8861541748046875
N157Y,-8.47015380859375
V158A,-7.039833068847656
V158C,-73.7680435180664
V158D,8.369636535644531
V158E,-2.6569366455078125
V158F,-9.659576416015625
V158G,-12.604331970214844
V158H,15.47393798828125
V158I,-0.8192062377929688
V158K,19.39239501953125
V158L,13.696861267089844
V158M,-12.947273254394531
V158N,-9.593582153320312
V158P,11.209869384765625
V158Q,-4.818534851074219
V158R,41.57886505126953
V158S,-9.28192138671875
V158T,-1.6366958618164062
V158W,10.012626647949219
V158Y,4.892921447753906
G159A,-20.603370666503906
G159C,-91.36219024658203
G159D,-8.566665649414062
G159E,-26.724624633789062
G159F,-24.998092651367188
G159H,-0.6559371948242188
G159I,-26.055145263671875
G159K,-7.948112487792969
G159L,-24.39117431640625
G159M,-35.01262664794922
G159N,-18.358230590820312
G159P,-20.331573486328125
G159Q,-32.8948974609375
G159R,15.6494140625
G159S,-22.97992706298828
G159T,-21.44775390625
G159V,-27.40039825439453
G159W,-9.930038452148438
G159Y,-12.447929382324219
D160A,-0.8298873901367188
D160C,-44.403839111328125
D160E,1.1411666870117188
D160F,-23.168563842773438
D160G,-3.1114578247070312
D160H,-3.6592483520507812
D160I,-19.26250457763672
D160K,-0.423431396484375
D160L,-8.799552917480469
D160M,-17.293739318847656
D160N,-0.41294097900390625
D160P,3.0790328979492188
D160Q,8.216094970703125
D160R,5.8254241943359375
D160S,0.5434036254882812
D160T,1.715850830078125
D160V,-14.043617248535156
D160W,-10.120582580566406
D160Y,-14.862251281738281
A161C,-40.764617919921875
A161D,2.7467727661132812
A161E,1.8369674682617188
A161F,5.84869384765625
A161G,-4.6016693115234375
A161H,14.264869689941406
A161I,4.196929931640625
A161K,25.03814697265625
A161L,15.814781188964844
A161M,-4.17633056640625
A161N,-2.207183837890625
A161P,25.444793701171875
A161Q,9.118461608886719
A161R,39.72816467285156
A161S,-7.4459075927734375
A161T,0.9052276611328125
A161V,7.653236389160156
A161W,19.880104064941406
A161Y,13.625717163085938
V162A,-3.8110733032226562
V162C,-32.46116638183594
V162D,12.818336486816406
V162E,5.364799499511719
V162F,-2.2745132446289062
V162G,-6.216621398925781
V162H,2.25067138671875
V162I,2.3466110229492188
V162K,12.707901000976562
V162L,13.234519958496094
V162M,-1.6557693481445312
V162N,1.2483596801757812
V162P,9.751129150390625
V162Q,9.852981567382812
V162R,26.71680450439453
V162S,-4.7733306884765625
V162T,6.546592712402344
V162W,6.490135192871094
V162Y,4.164886474609375
C163A,10.586357116699219
C163D,19.225502014160156
C163E,15.058135986328125
C163F,6.067657470703125
C163G,13.407707214355469
C163H,13.113784790039062
C163I,8.632850646972656
C163K,24.261474609375
C163L,11.569595336914062
C163M,18.229293823242188
C163N,9.93499755859375
C163P,23.369789123535156
C163Q,21.175193786621094
C163R,32.16896057128906
C163S,8.617973327636719
C163T,9.974479675292969
C163V,13.508987426757812
C163W,21.847915649414062
C163Y,1.2861251831054688
T164A,3.5409927368164062
T164C,-29.02393341064453
T164D,-0.42209625244140625
T164E,-3.0164718627929688
T164F,-3.3880233764648438
T164G,0.121307373046875
T164H,12.431144714355469
T164I,2.373504638671875
T164K,15.545654296875
T164L,4.08935546875
T164M,-12.196540832519531
T164N,-9.952735900878906
T164P,17.042160034179688
T164Q,0.5575180053710938
T164R,30.63678741455078
T164S,-5.8269500732421875
T164V,6.620979309082031
T164W,-0.31719207763671875
T164Y,3.5573959350585938
G165A,7.702445983886719
G165C,-81.08634948730469
G165D,25.34809112548828
G165E,15.426254272460938
G165F,10.000801086425781
G165H,37.77790069580078
G165I,5.745506286621094
G165K,41.73240661621094
G165L,16.69635772705078
G165M,-0.22029876708984375
G165N,17.624664306640625
G165P,33.91685485839844
G165Q,16.230010986328125
G165R,49.593353271484375
G165S,-1.1335372924804688
G165T,6.833457946777344
G165V,10.778617858886719
G165W,10.187339782714844
G165Y,24.584579467773438
T166A,-8.193016052246094
T166C,-70.99781036376953
T166D,4.623603820800781
T166E,-4.020500183105469
T166F,-7.272911071777344
T166G,-5.9383392333984375
T166H,19.05040740966797
T166I,-10.538864135742188
T166K,25.25463104248047
T166L,-1.689910888671875
T166M,-15.83404541015625
T166N,-1.8733978271484375
T166P,6.135749816894531
T166Q,-7.272148132324219
T166R,34.775352478027344
T166S,-7.223701477050781
T166V,-4.9465179443359375
T166W,12.579536437988281
T166Y,5.7094573974609375
L167A,-7.3390960693359375
L167C,-86.04412078857422
L167D,-13.727378845214844
L167E,-14.488983154296875
L167F,-11.852455139160156
L167G,-16.073989868164062
L167H,5.994987487792969
L167I,-12.636375427246094
L167K,20.731353759765625
L167M,-28.391265869140625
L167N,-12.438201904296875
L167P,9.788703918457031
L167Q,-8.529472351074219
L167R,31.98680877685547
L167S,-15.298652648925781
L167T,-8.807563781738281
L167V,1.396942138671875
L167W,-4.966926574707031
L167Y,-2.6960372924804688
I168A,-3.5070419311523438
I168C,-60.177040100097656
I168D,-11.456108093261719
I168E,-12.797737121582031
I168F,1.8341064453125
I168G,-14.779281616210938
I168H,5.826759338378906
I168K,17.41809844970703
I168L,9.269523620605469
I168M,-1.9338607788085938
I168N,-4.904747009277344
I168P,10.709762573242188
I168Q,0.26702880859375
I168R,29.5135498046875
I168S,-5.6262969970703125
I168T,3.19061279296875
I168V,5.366325378417969
I168W,8.487319946289062
I168Y,5.8055877685546875
I169A,9.74884033203125
I169C,-41.066551208496094
I169D,14.778518676757812
I169E,10.542869567871094
I169F,-2.2535324096679688
I169G,16.18785858154297
I169H,14.227485656738281
I169K,20.4193115234375
I169L,1.0969161987304688
I169M,-5.406951904296875
I169N,10.968971252441406
I169P,2.8562545776367188
I169Q,7.598114013671875
I169R,31.59046173095703
I169S,0.429534912109375
I169T,4.320526123046875
I169V,7.561492919921875
I169W,8.17108154296875
I169Y,8.169746398925781
T170A,1.3370513916015625
T170C,-84.38034057617188
T170D,18.637657165527344
T170E,0.14476776123046875
T170F,-18.738555908203125
T170G,-2.1879196166992188
T170H,4.115104675292969
T170I,-12.956809997558594
T170K,25.42400360107422
T170L,-6.087303161621094
T170M,-18.78833770751953
T170N,11.315727233886719
T170P,-3.6249160766601562
T170Q,-8.141899108886719
T170R,35.029029846191406
T170S,-8.480072021484375
T170V,-3.8608551025390625
T170W,-3.36761474609375
T170Y,-9.520912170410156
P171A,-2.816009521484375
P171C,-70.80574035644531
P171D,-0.8039474487304688
P171E,-19.067955017089844
P171F,-16.567420959472656
P171G,0.11997222900390625
P171H,-2.4545669555664062
P171I,-11.834526062011719
P171K,-3.955841064453125
P171L,-4.24346923828125
P171M,-20.122909545898438
P171N,-10.918617248535156
P171Q,-8.643722534179688
P171R,6.982231140136719
P171S,-16.498756408691406
P171T,-14.498138427734375
P171V,-5.721855163574219
P171W,-18.311500549316406
P171Y,-15.182113647460938
A172C,-72.47810363769531
A172D,13.873672485351562
A172E,-1.0221481323242188
A172F,-24.997520446777344
A172G,2.5609970092773438
A172H,1.8480300903320312
A172I,-20.598411560058594
A172K,1.6143798828125
A172L,-19.049644470214844
A172M,-12.746238708496094
A172N,12.286186218261719
A172P,-7.648468017578125
A172Q,0.61492919921875
A172R,6.2404632568359375
A172S,-9.978485107421875
A172T,0.9244918823242188
A172V,-10.022926330566406
A172W,-19.164466857910156
A172Y,-13.541793823242188
H173A,13.769340515136719
H173C,-47.62763977050781
H173D,8.764839172363281
H173E,15.899848937988281
H173F,-9.08203125
H173G,9.355735778808594
H173I,-7.7251434326171875
H173K,11.528778076171875
H173L,-2.71148681640625
H173M,4.586982727050781
H173N,4.8694610595703125
H173P,10.127067565917969
H173Q,14.818382263183594
H173R,19.646263122558594
H173S,0.31490325927734375
H173T,10.592269897460938
H173V,-1.7086029052734375
H173W,17.674636840820312
H173Y,9.699058532714844
L174A,-1.0196685791015625
L174C,-69.54536437988281
L174D,3.6502838134765625
L174E,-6.622505187988281
L174F,-8.201026916503906
L174G,5.675697326660156
L174H,13.355064392089844
L174I,-6.0619354248046875
L174K,11.489295959472656
L174M,-11.557197570800781
L174N,3.525543212890625
L174P,1.8606185913085938
L174Q,2.61688232421875
L174R,13.477516174316406
L174S,-7.924461364746094
L174T,3.2461166381835938
L174V,-1.0221481323242188
L174W,1.95159912109375
L174Y,-0.5563735961914062
S175A,1.1640548706054688
S175C,-57.431983947753906
S175D,14.797401428222656
S175E,1.6969680786132812
S175F,-19.619369506835938
S175G,10.415840148925781
S175H,10.487556457519531
S175I,-11.061859130859375
S175K,-0.5603790283203125
S175L,-12.355995178222656
S175M,-26.709556579589844
S175N,4.796028137207031
S175P,11.770248413085938
S175Q,-6.641197204589844
S175R,16.336631774902344
S175T,11.88812255859375
S175V,-4.287147521972656
S175W,-10.240936279296875
S175Y,-4.615020751953125
Y176A,-0.428009033203125
Y176C,-53.54499816894531
Y176D,5.161285400390625
Y176E,5.633735656738281
Y176F,-7.340431213378906
Y176G,0.7356643676757812
Y176H,-7.347297668457031
Y176I,-2.3021697998046875
Y176K,0.5975723266601562
Y176L,5.9513092041015625
Y176M,-1.404571533203125
Y176N,-5.750274658203125
Y176P,10.478973388671875
Y176Q,8.344841003417969
Y176R,-1.3368606567382812
Y176S,-14.575958251953125
Y176T,-3.52783203125
Y176V,3.1574249267578125
Y176W,-1.7610549926757812
T177A,-9.753990173339844
T177C,-72.6531982421875
T177D,-2.5562286376953125
T177E,-10.446929931640625
T177F,-7.207298278808594
T177G,-8.992195129394531
T177H,-3.8503646850585938
T177I,-10.178184509277344
T177K,4.9358367919921875
T177L,5.0262451171875
T177M,-4.8976898193359375
T177N,-3.0897140502929688
T177P,15.779685974121094
T177Q,2.6021957397460938
T177R,17.003822326660156
T177S,-8.730697631835938
T177V,-0.5445480346679688
T177W,2.3767471313476562
T177Y,-1.8869400024414062
I178A,0.6793975830078125
I178C,-102.1249771118164
I178D,6.24542236328125
I178E,-17.47455596923828
I178F,-9.130477905273438
I178G,1.6763687133789062
I178H,-0.29048919677734375
I178K,7.681846618652344
I178L,-4.755210876464844
I178M,-20.708084106445312
I178N,-1.1320114135742188
I178P,18.689918518066406
I178Q,-10.583305358886719
I178R,11.498069763183594
I178S,-6.6623687744140625
I178T,1.8047332763671875
I178V,6.298065185546875
I178W,-15.133094787597656
I178Y,-6.23321533203125
E179A,7.441520690917969
E179C,-67.55752563476562
E179D,19.25487518310547
E179F,-9.677886962890625
E179G,15.666580200195312
E179H,10.437393188476562
E179I,5.31768798828125
E179K,28.652191162109375
E179L,1.1316299438476562
E179M,1.5445709228515625
E179N,17.829322814941406
E179P,15.906906127929688
E179Q,-1.6180038452148438
E179R,21.128273010253906
E179S,2.3202896118164062
E179T,21.42791748046875
E179V,11.158561706542969
E179W,0.7890701293945312
E179Y,7.781982421875
A180C,-41.02439880371094
A180D,23.862648010253906
A180E,8.147239685058594
A180F,-10.243797302246094
A180G,13.42620849609375
A180H,28.389739990234375
A180I,-7.559967041015625
A180K,14.401054382324219
A180L,1.9321441650390625
A180M,-0.8955001831054688
A180N,21.250534057617188
A180P,21.941566467285156
A180Q,22.901153564453125
A180R,18.841934204101562
A180S,8.16192626953125
A180T,11.237907409667969
A180V,0.8356094360351562
A180W,6.331062316894531
A180Y,9.088897705078125
R181A,-12.614822387695312
R181C,-61.69471740722656
R181D,15.358161926269531
R181E,-9.440994262695312
R181F,-16.8853759765625
R181G,6.4250946044921875
R181H,-13.782310485839844
R181I,-4.7088623046875
R181K,8.169364929199219
R181L,-7.982444763183594
R181M,-8.276557922363281
R181N,1.621246337890625
R181P,33.817100524902344
R181Q,-13.034629821777344
R181S,2.9291152954101562
R181T,0.49800872802734375
R181V,-5.154228210449219
R181W,-15.748977661132812
R181Y,-8.093643188476562
G182A,-18.09864044189453
G182C,-80.5521011352539
G182D,-10.834693908691406
G182E,-44.826698303222656
G182F,-50.67729949951172
G182H,2.8150558471679688
G182I,-39.83345031738281
G182K,6.06842041015625
G182L,-42.93384552001953
G182M,-49.8992919921875
G182N,-14.254188537597656
G182P,17.59510040283203
G182Q,-22.33257293701172
G182R,14.578628540039062
G182S,-14.092445373535156
G182T,-12.15057373046875
G182V,-35.78681945800781
G182W,-39.12849426269531
G182Y,-25.86669921875
E183A,-7.1949005126953125
E183C,-68.40839385986328
E183D,8.859825134277344
E183F,-30.377769470214844
E183G,-10.41107177734375
E183H,-6.751441955566406
E183I,-23.336410522460938
E183K,11.413002014160156
E183L,-21.898269653320312
E183M,-17.09136962890625
E183N,-6.942939758300781
E183P,8.95233154296875
E183Q,-0.13904571533203125
E183R,0.9906768798828125
E183S,-16.85657501220703
E183T,-1.1938095092773438
E183V,-15.278434753417969
E183W,-8.155632019042969
E183Y,-3.6802291870117188
A184C,-48.11878204345703
A184D,-1.4728546142578125
A184E,-20.195388793945312
A184F,4.040336608886719
A184G,-13.310813903808594
A184H,3.9989471435546875
A184I,5.8734893798828125
A184K,-12.430000305175781
A184L,17.532920837402344
A184M,3.8869857788085938
A184N,1.3364791870117188
A184P,13.327217102050781
A184Q,2.307891845703125
A184R,-10.280799865722656
A184S,-14.834022521972656
A184T,-1.320648193359375
A184V,9.525489807128906
A184W,-0.897979736328125
A184Y,-3.5650253295898438
A185C,-6.0085296630859375
A185D,50.99449157714844
A185E,10.547637939453125
A185F,38.80329132080078
A185G,18.252182006835938
A185H,28.719329833984375
A185I,47.614097595214844
A185K,43.045616149902344
A185L,55.962562561035156
A185M,52.821922302246094
A185N,50.524139404296875
A185P,10.491752624511719
A185Q,25.08697509765625
A185R,28.44715118408203
A185S,8.697509765625
A185T,32.00550079345703
A185V,42.70915985107422
A185W,49.55863952636719
A185Y,39.66045379638672
R186A,-5.4264068603515625
R186C,-63.62113952636719
R186D,23.28815460205078
R186E,4.30755615234375
R186F,-33.601951599121094
R186G,-2.034759521484375
R186H,-11.017227172851562
R186I,-27.559471130371094
R186K,4.562568664550781
R186L,-25.60863494873047
R186M,-22.432708740234375
R186N,-3.2941818237304688
R186P,-5.549049377441406
R186Q,-2.1638870239257812
R186S,-19.932937622070312
R186T,-0.7211685180664062
R186V,-14.952278137207031
R186W,-14.704704284667969
R186Y,-14.942169189453125
F187A,6.3655853271484375
F187C,-38.162803649902344
F187D,10.747337341308594
F187E,10.876083374023438
F187G,-7.146263122558594
F187H,1.4574050903320312
F187I,6.9000244140625
F187K,4.0355682373046875
F187L,13.562965393066406
F187M,4.8343658447265625
F187N,2.2014617919921875
F187P,9.678459167480469
F187Q,13.74359130859375
F187R,2.6742935180664062
F187S,-5.1990509033203125
F187T,10.723304748535156
F187V,13.142013549804688
F187W,19.05689239501953
F187Y,12.578010559082031
L188A,2.2371292114257812
L188C,-28.893089294433594
L188D,5.943107604980469
L188E,0.2269744873046875
L188F,-11.407852172851562
L188G,-9.039306640625
L188H,-17.498397827148438
L188I,13.913726806640625
L188K,-13.948249816894531
L188M,0.6586074829101562
L188N,8.595085144042969
L188P,-5.476570129394531
L188Q,-10.103988647460938
L188R,-23.96717071533203
L188S,-12.908744812011719
L188T,-1.1266708374023438
L188V,16.903114318847656
L188W,-6.850624084472656
L188Y,-3.90625
R189A,17.684555053710938
R189C,-32.06462860107422
R189D,45.69282531738281
R189E,16.984176635742188
R189F,36.93733215332031
R189G,-7.045936584472656
R189H,20.01209259033203
R189I,55.83953857421875
R189K,14.705276489257812
R189L,56.594085693359375
R189M,40.218162536621094
R189N,38.78765106201172
R189P,21.81415557861328
R189Q,-6.231880187988281
R189S,-6.197929382324219
R189T,26.29718780517578
R189V,57.007408142089844
R189W,41.61872863769531
R189Y,23.55194091796875
D190A,-12.590217590332031
D190C,-62.07103729248047
D190E,-4.4719696044921875
D190F,-49.091339111328125
D190G,-10.561752319335938
D190H,-11.208534240722656
D190I,-41.93859100341797
D190K,7.030296325683594
D190L,-37.036895751953125
D190M,-37.16754913330078
D190N,-12.704658508300781
D190P,-22.291946411132812
D190Q,-5.418205261230469
D190R,-5.467414855957031
D190S,-22.281837463378906
D190T,-17.391014099121094
D190V,-25.454139709472656
D190W,-29.975509643554688
D190Y,-25.41027069091797
R191A,4.792976379394531
R191C,-40.07568359375
R191D,-7.172203063964844
R191E,-5.631446838378906
R191F,-8.936882019042969
R191G,-9.259796142578125
R191H,-1.1621475219726562
R191I,2.8551101684570312
R191K,0.31986236572265625
R191L,11.742210388183594
R191M,6.907844543457031
R191N,-5.295372009277344
R191P,-11.474418640136719
R191Q,1.2727737426757812
R191S,-14.738655090332031
R191T,0.7711410522460938
R191V,11.933517456054688
R191W,7.756805419921875
R191Y,1.7259597778320312
I192A,-27.0263671875
I192C,-39.03522491455078
I192D,-11.899185180664062
I192E,-26.24359130859375
I192F,-15.536689758300781
I192G,-20.56446075439453
I192H,-17.99945831298828
I192K,-23.662757873535156
I192L,9.823417663574219
I192M,-7.444953918457031
I192N,-21.444320678710938
I192P,-10.779380798339844
I192Q,-26.291847229003906
I192R,-28.374481201171875
I192S,-38.568687438964844
I192T,-34.34486389160156
I192V,-1.66015625
I192W,-21.685791015625
I192Y,-12.075424194335938
R193A,2.5918960571289062
R193C,-81.6253662109375
R193D,21.030807495117188
R193E,-9.017753601074219
R193F,-20.757484436035156
R193G,-1.8114089965820312
R193H,-6.1676025390625
R193I,-14.957618713378906
R193K,11.439323425292969
R193L,-7.1735382080078125
R193M,-18.894195556640625
R193N,0.05130767822265625
R193P,-2.4858474731445312
R193Q,-20.88756561279297
R193S,-29.890060424804688
R193T,-4.7603607177734375
R193V,-11.833000183105469
R193W,-22.173118591308594
R193Y,-20.368003845214844
A194C,-70.88356018066406
A194D,32.401275634765625
A194E,15.161705017089844
A194F,-4.085350036621094
A194G,23.66619110107422
A194H,34.94682312011719
A194I,-18.407249450683594
A194K,39.38026428222656
A194L,-2.1429061889648438
A194M,-15.332221984863281
A194N,22.55096435546875
A194P,39.864349365234375
A194Q,23.750877380371094
A194R,50.364112854003906
A194S,5.6240081787109375
A194T,-12.882423400878906
A194V,-15.400505065917969
A194W,2.1841049194335938
A194Y,14.286994934082031
